Address,Date time,Minimum Temperature,Maximum Temperature,Temperature,Dew Point,Relative Humidity,Heat Index,Wind Speed,Wind Gust,Wind Direction,Wind Chill,Precipitation,Precipitation Cover,Snow Depth,Visibility,Cloud Cover,Sea Level Pressure,Weather Type,Latitude,Longitude,Resolved Address,Name,Info,Conditions
"50.0826,8.2493","12/27/2018 00:00:00",-1.9,-1.9,-1.9,-3.7,87.79,,0.7,,343.0,,0.0,,0.0,1.0,51.9,1032.4,"Fog",50.0826,8.2493,"50.0826,8.2493","50.0826,8.2493","","Partially cloudy"
"50.0826,8.2493","12/27/2018 01:00:00",-1.9,-1.9,-1.9,-3.2,91.41,,0.4,,344.0,,0.0,,0.0,1.0,51.9,1032.0,"Fog",50.0826,8.2493,"50.0826,8.2493","50.0826,8.2493","","Partially cloudy"
"50.0826,8.2493","12/27/2018 02:00:00",-1.9,-1.9,-1.9,-3.2,91.41,,0.4,,344.0,,0.0,,0.0,1.0,46.6,1031.7,"Fog",50.0826,8.2493,"50.0826,8.2493","50.0826,8.2493","","Partially cloudy"
"50.0826,8.2493","12/27/2018 03:00:00",-1.9,-1.9,-1.9,-3.2,91.41,,0.3,,0.0,,0.0,,0.0,1.0,51.9,1031.7,"Mist, Fog",50.0826,8.2493,"50.0826,8.2493","50.0826,8.2493","","Partially cloudy"
"50.0826,8.2493","12/27/2018 04:00:00",-1.9,-1.9,-1.9,-3.2,91.13,,0.2,,347.0,,0.0,,0.0,2.0,30.4,1031.4,"Mist",50.0826,8.2493,"50.0826,8.2493","50.0826,8.2493","","Partially cloudy"
"50.0826,8.2493","12/27/2018 05:00:00",-1.9,-1.9,-1.9,-3.1,91.09,,0.3,,0.0,,0.0,,0.0,1.2,33.0,1030.7,"Mist",50.0826,8.2493,"50.0826,8.2493","50.0826,8.2493","","Partially cloudy"
"50.0826,8.2493","12/27/2018 06:00:00",-1.9,-1.9,-1.9,-3.7,87.79,,0.3,,0.0,,0.0,,0.0,1.1,52.9,1030.7,"Mist",50.0826,8.2493,"50.0826,8.2493","50.0826,8.2493","","Partially cloudy"
"50.0826,8.2493","12/27/2018 07:00:00",-1.9,-1.9,-1.9,-3.7,87.79,,0.1,,0.0,,0.0,,0.0,2.9,32.2,1030.7,"Mist",50.0826,8.2493,"50.0826,8.2493","50.0826,8.2493","","Partially cloudy"
"50.0826,8.2493","12/27/2018 08:00:00",-1.9,-1.9,-1.9,-3.2,91.41,,0.4,,335.0,,0.0,,0.0,3.8,45.8,1030.3,"Mist",50.0826,8.2493,"50.0826,8.2493","50.0826,8.2493","","Partially cloudy"
"50.0826,8.2493","12/27/2018 09:00:00",-1.9,-1.9,-1.9,-3.1,91.09,,0.3,,0.0,,0.0,,0.0,1.0,45.8,1030.3,"Fog",50.0826,8.2493,"50.0826,8.2493","50.0826,8.2493","","Partially cloudy"
"50.0826,8.2493","12/27/2018 10:00:00",-1.9,-1.9,-1.9,-3.0,91.74,,0.4,,26.0,,0.0,,0.0,0.0,21.1,1030.7,"Fog",50.0826,8.2493,"50.0826,8.2493","50.0826,8.2493","","Clear"
"50.0826,8.2493","12/27/2018 11:00:00",-1.3,-1.3,-1.3,-3.0,88.17,,0.4,,22.0,,0.0,,0.0,0.1,21.9,1030.3,"Fog",50.0826,8.2493,"50.0826,8.2493","50.0826,8.2493","","Clear"
"50.0826,8.2493","12/27/2018 12:00:00",-1.2,-1.2,-1.2,-2.8,88.81,,0.4,,0.0,,0.0,,0.0,0.1,31.5,1029.9,"Mist, Fog",50.0826,8.2493,"50.0826,8.2493","50.0826,8.2493","","Partially cloudy"
"50.0826,8.2493","12/27/2018 13:00:00",-1.1,-1.1,-1.1,-2.2,92.44,,0.6,,340.0,,0.0,,0.0,1.0,6.7,1028.9,"Mist",50.0826,8.2493,"50.0826,8.2493","50.0826,8.2493","","Clear"
"50.0826,8.2493","12/27/2018 14:00:00",-0.9,-0.9,-0.9,-2.1,91.8,,0.8,,338.0,,0.0,,0.0,3.9,45.8,1028.6,"Mist",50.0826,8.2493,"50.0826,8.2493","50.0826,8.2493","","Partially cloudy"
"50.0826,8.2493","12/27/2018 15:00:00",-0.9,-0.9,-0.9,-2.2,91.29,,0.6,,338.0,,0.0,,0.0,3.1,51.1,1028.2,"Mist",50.0826,8.2493,"50.0826,8.2493","50.0826,8.2493","","Partially cloudy"
"50.0826,8.2493","12/27/2018 16:00:00",-0.9,-0.9,-0.9,-2.1,91.3,,0.4,,337.0,,0.0,,0.0,3.1,51.1,1028.2,"Mist",50.0826,8.2493,"50.0826,8.2493","50.0826,8.2493","","Partially cloudy"
"50.0826,8.2493","12/27/2018 17:00:00",-0.9,-0.9,-0.9,-1.9,92.46,,0.4,,335.0,,0.0,,0.0,3.9,51.1,1028.2,"Mist",50.0826,8.2493,"50.0826,8.2493","50.0826,8.2493","","Partially cloudy"
"50.0826,8.2493","12/27/2018 18:00:00",-0.9,-0.9,-0.9,-2.1,91.3,,0.4,,335.0,,0.0,,0.0,4.0,51.1,1028.2,"Mist",50.0826,8.2493,"50.0826,8.2493","50.0826,8.2493","","Partially cloudy"
"50.0826,8.2493","12/27/2018 19:00:00",-0.9,-0.9,-0.9,-2.1,91.94,,0.4,,341.0,,0.0,,0.0,8.6,51.1,1028.2,"Mist",50.0826,8.2493,"50.0826,8.2493","50.0826,8.2493","","Partially cloudy"
"50.0826,8.2493","12/27/2018 20:00:00",-0.9,-0.9,-0.9,-1.9,92.46,,5.7,,239.0,-2.9,0.0,,0.0,8.6,51.1,1028.2,"Mist",50.0826,8.2493,"50.0826,8.2493","50.0826,8.2493","","Partially cloudy"
"50.0826,8.2493","12/27/2018 21:00:00",-0.9,-0.9,-0.9,-1.9,92.46,,5.7,,255.0,-2.9,0.0,,0.0,5.8,51.9,1028.6,"Mist",50.0826,8.2493,"50.0826,8.2493","50.0826,8.2493","","Partially cloudy"
"50.0826,8.2493","12/27/2018 22:00:00",-0.9,-0.9,-0.9,-1.9,92.46,,5.8,,275.0,-2.9,0.0,,0.0,5.8,51.9,1028.6,"Mist",50.0826,8.2493,"50.0826,8.2493","50.0826,8.2493","","Partially cloudy"
"50.0826,8.2493","12/27/2018 23:00:00",-0.3,-0.3,-0.3,-1.9,89.2,,0.7,,343.0,,0.0,,0.0,5.8,51.9,1028.2,"Mist",50.0826,8.2493,"50.0826,8.2493","50.0826,8.2493","","Partially cloudy"
"50.0826,8.2493","12/28/2018 00:00:00",-0.2,-0.2,-0.2,-1.9,88.72,,0.3,,0.0,,0.0,,0.0,5.6,51.9,1028.2,"Mist",50.0826,8.2493,"50.0826,8.2493","50.0826,8.2493","","Partially cloudy"
"50.0826,8.2493","12/28/2018 01:00:00",-0.2,-0.2,-0.2,-1.9,88.41,,0.7,,343.0,,0.0,,0.0,4.8,51.9,1028.2,"Mist",50.0826,8.2493,"50.0826,8.2493","50.0826,8.2493","","Partially cloudy"
"50.0826,8.2493","12/28/2018 02:00:00",-0.3,-0.3,-0.3,-1.9,89.2,,7.8,,192.0,-3.0,0.0,,0.0,5.8,51.9,1027.8,"Mist",50.0826,8.2493,"50.0826,8.2493","50.0826,8.2493","","Partially cloudy"
"50.0826,8.2493","12/28/2018 03:00:00",-0.9,-0.9,-0.9,-1.9,92.46,,0.7,,340.0,,0.0,,0.0,5.8,51.9,1028.2,"Mist",50.0826,8.2493,"50.0826,8.2493","50.0826,8.2493","","Partially cloudy"
"50.0826,8.2493","12/28/2018 04:00:00",-0.9,-0.9,-0.9,-2.0,91.8,,5.6,,209.0,-2.8,0.0,,0.0,5.7,51.9,1028.6,"Mist",50.0826,8.2493,"50.0826,8.2493","50.0826,8.2493","","Partially cloudy"
"50.0826,8.2493","12/28/2018 05:00:00",-0.9,-0.9,-0.9,-2.0,91.8,,9.6,,211.0,-4.2,0.0,,0.0,5.7,51.9,1028.2,"Mist",50.0826,8.2493,"50.0826,8.2493","50.0826,8.2493","","Partially cloudy"
"50.0826,8.2493","12/28/2018 06:00:00",-0.9,-0.9,-0.9,-1.9,92.46,,5.8,,229.0,-2.9,0.0,,0.0,5.8,51.9,1028.2,"Mist",50.0826,8.2493,"50.0826,8.2493","50.0826,8.2493","","Partially cloudy"
"50.0826,8.2493","12/28/2018 07:00:00",-0.9,-0.9,-0.9,-1.9,92.46,,0.7,,340.0,,0.0,,0.0,4.8,46.6,1028.6,"Mist",50.0826,8.2493,"50.0826,8.2493","50.0826,8.2493","","Partially cloudy"
"50.0826,8.2493","12/28/2018 08:00:00",-0.3,-0.3,-0.3,-1.9,89.2,,0.4,,338.0,,0.0,,0.0,5.8,51.9,1029.2,"Mist",50.0826,8.2493,"50.0826,8.2493","50.0826,8.2493","","Partially cloudy"
"50.0826,8.2493","12/28/2018 09:00:00",-0.9,-0.9,-0.9,-1.9,92.46,,0.6,,338.0,,0.0,,0.0,4.8,51.9,1029.9,"Mist",50.0826,8.2493,"50.0826,8.2493","50.0826,8.2493","","Partially cloudy"
"50.0826,8.2493","12/28/2018 10:00:00",-0.9,-0.9,-0.9,-1.9,92.46,,0.6,,334.0,,0.0,,0.0,3.9,51.9,1030.6,"Mist",50.0826,8.2493,"50.0826,8.2493","50.0826,8.2493","","Partially cloudy"
"50.0826,8.2493","12/28/2018 11:00:00",-0.3,-0.3,-0.3,-2.1,87.33,,5.7,,235.0,-2.2,0.0,,0.0,4.8,51.9,1030.5,"Mist",50.0826,8.2493,"50.0826,8.2493","50.0826,8.2493","","Partially cloudy"
"50.0826,8.2493","12/28/2018 12:00:00",-0.3,-0.3,-0.3,-1.9,88.58,,5.7,,219.0,-2.2,0.0,,0.0,4.0,51.9,1030.5,"Mist",50.0826,8.2493,"50.0826,8.2493","50.0826,8.2493","","Partially cloudy"
"50.0826,8.2493","12/28/2018 13:00:00",-0.2,-0.2,-0.2,-1.9,88.1,,5.7,,200.0,-2.1,0.0,,0.0,4.0,51.9,1030.2,"Mist",50.0826,8.2493,"50.0826,8.2493","50.0826,8.2493","","Partially cloudy"
"50.0826,8.2493","12/28/2018 14:00:00",-0.2,-0.2,-0.2,-1.9,88.41,,5.7,,247.0,-2.1,0.0,,0.0,5.0,51.9,1030.5,"Mist",50.0826,8.2493,"50.0826,8.2493","50.0826,8.2493","","Partially cloudy"
"50.0826,8.2493","12/28/2018 15:00:00",-0.9,-0.9,-0.9,-2.1,91.16,,0.6,,341.0,,0.0,,0.0,5.0,51.9,1031.3,"Mist",50.0826,8.2493,"50.0826,8.2493","50.0826,8.2493","","Partially cloudy"
"50.0826,8.2493","12/28/2018 16:00:00",-0.2,-0.2,-0.2,-2.0,87.78,,0.7,,25.0,,0.0,,0.0,5.9,51.9,1031.6,"Mist",50.0826,8.2493,"50.0826,8.2493","50.0826,8.2493","","Partially cloudy"
"50.0826,8.2493","12/28/2018 17:00:00",-0.2,-0.2,-0.2,-2.0,87.78,,7.7,,295.0,-2.9,0.0,,0.0,7.8,51.1,1031.9,"Mist",50.0826,8.2493,"50.0826,8.2493","50.0826,8.2493","","Partially cloudy"
"50.0826,8.2493","12/28/2018 18:00:00",-0.2,-0.2,-0.2,-1.9,88.1,,0.7,,341.0,,0.0,,0.0,8.8,51.9,1032.2,"Mist",50.0826,8.2493,"50.0826,8.2493","50.0826,8.2493","","Partially cloudy"
"50.0826,8.2493","12/28/2018 19:00:00",-0.1,-0.1,-0.1,-1.9,87.48,,5.7,,285.0,-2.0,0.0,,0.0,8.8,51.9,1032.9,"Mist",50.0826,8.2493,"50.0826,8.2493","50.0826,8.2493","","Partially cloudy"
"50.0826,8.2493","12/28/2018 20:00:00",0.0,0.0,0.0,-2.0,86.26,,7.6,,295.0,-2.6,0.0,,0.0,7.9,51.9,1033.6,"Mist",50.0826,8.2493,"50.0826,8.2493","50.0826,8.2493","","Partially cloudy"
"50.0826,8.2493","12/28/2018 21:00:00",0.1,0.1,0.1,-1.9,86.57,,0.4,,340.0,,0.0,,0.0,8.8,51.9,1033.9,"Mist",50.0826,8.2493,"50.0826,8.2493","50.0826,8.2493","","Partially cloudy"
"50.0826,8.2493","12/28/2018 22:00:00",-0.1,-0.1,-0.1,-2.0,86.87,,0.6,,25.0,,0.0,,0.0,8.8,51.9,1033.9,"Mist",50.0826,8.2493,"50.0826,8.2493","50.0826,8.2493","","Partially cloudy"
"50.0826,8.2493","12/28/2018 23:00:00",0.0,0.0,0.0,-2.0,86.26,,9.4,,245.0,-3.1,0.0,,0.0,8.8,51.9,1033.9,"Mist",50.0826,8.2493,"50.0826,8.2493","50.0826,8.2493","","Partially cloudy"
"50.0826,8.2493","12/29/2018 00:00:00",-0.2,-0.2,-0.2,-2.2,86.55,,9.6,,248.0,-3.4,0.0,,0.0,7.8,51.9,1033.9,"Mist",50.0826,8.2493,"50.0826,8.2493","50.0826,8.2493","","Partially cloudy"
"50.0826,8.2493","12/29/2018 01:00:00",-0.3,-0.3,-0.3,-2.8,83.44,,9.6,,275.0,-3.6,0.0,,0.0,9.7,51.9,1034.6,"",50.0826,8.2493,"50.0826,8.2493","50.0826,8.2493","","Partially cloudy"
"50.0826,8.2493","12/29/2018 02:00:00",-0.3,-0.3,-0.3,-2.7,83.9,,7.8,,228.0,-3.0,0.0,,0.0,9.7,51.9,1034.6,"",50.0826,8.2493,"50.0826,8.2493","50.0826,8.2493","","Partially cloudy"
"50.0826,8.2493","12/29/2018 03:00:00",-0.3,-0.3,-0.3,-2.7,83.9,,8.0,,255.0,-3.1,0.0,,0.0,9.6,51.9,1034.6,"Mist, Freezing Drizzle/Freezing Rain",50.0826,8.2493,"50.0826,8.2493","50.0826,8.2493","","Partially cloudy"
"50.0826,8.2493","12/29/2018 04:00:00",-0.2,-0.2,-0.2,-2.8,82.85,,6.0,,238.0,-2.3,0.0,,0.0,9.6,51.9,1034.3,"Mist, Freezing Drizzle/Freezing Rain",50.0826,8.2493,"50.0826,8.2493","50.0826,8.2493","","Partially cloudy"
"50.0826,8.2493","12/29/2018 05:00:00",0.0,0.0,0.0,-1.0,92.98,,11.2,,230.0,-3.6,0.0,,0.0,5.0,89.1,,"Mist, Freezing Drizzle/Freezing Rain",50.0826,8.2493,"50.0826,8.2493","50.0826,8.2493","","Overcast"
"50.0826,8.2493","12/29/2018 06:00:00",0.0,0.0,0.0,-1.0,92.98,,13.0,,220.0,-4.0,0.0,,0.0,5.0,89.1,,"Mist, Freezing Drizzle/Freezing Rain",50.0826,8.2493,"50.0826,8.2493","50.0826,8.2493","","Overcast"
"50.0826,8.2493","12/29/2018 07:00:00",0.0,0.0,0.0,-1.0,92.98,,11.2,,200.0,-3.6,0.0,,0.0,4.0,89.1,,"Mist, Freezing Drizzle/Freezing Rain",50.0826,8.2493,"50.0826,8.2493","50.0826,8.2493","","Overcast"
"50.0826,8.2493","12/29/2018 08:00:00",0.0,0.0,0.0,-1.0,92.98,,13.0,,200.0,-4.0,0.0,,0.0,5.0,89.1,,"Mist, Light Drizzle",50.0826,8.2493,"50.0826,8.2493","50.0826,8.2493","","Overcast"
"50.0826,8.2493","12/29/2018 09:00:00",0.0,0.0,0.0,-1.0,92.98,,14.8,,220.0,-4.3,0.0,,0.0,5.0,89.1,,"Mist, Light Drizzle",50.0826,8.2493,"50.0826,8.2493","50.0826,8.2493","","Overcast"
"50.0826,8.2493","12/29/2018 10:00:00",0.0,0.0,0.0,0.0,100.0,,14.8,,200.0,-4.3,0.0,,0.0,5.0,89.1,,"Mist, Light Drizzle",50.0826,8.2493,"50.0826,8.2493","50.0826,8.2493","","Overcast"
"50.0826,8.2493","12/29/2018 11:00:00",0.8,0.8,0.8,-1.7,83.16,,5.8,,200.0,-1.0,0.0,,0.0,7.8,51.1,1034.9,"Mist, Smoke Or Haze",50.0826,8.2493,"50.0826,8.2493","50.0826,8.2493","","Partially cloudy"
"50.0826,8.2493","12/29/2018 12:00:00",1.7,1.7,1.7,-0.9,83.1,,6.0,,238.0,-0.1,0.0,,0.0,7.8,51.1,1034.9,"Mist, Smoke Or Haze",50.0826,8.2493,"50.0826,8.2493","50.0826,8.2493","","Partially cloudy"
"50.0826,8.2493","12/29/2018 13:00:00",2.1,2.1,2.1,-0.1,84.99,,9.8,,191.0,-0.7,0.0,,0.0,8.8,51.1,1033.5,"",50.0826,8.2493,"50.0826,8.2493","50.0826,8.2493","","Partially cloudy"
"50.0826,8.2493","12/29/2018 14:00:00",2.7,2.7,2.7,0.0,82.08,,8.0,,218.0,0.5,0.0,,0.0,8.0,51.1,1032.9,"Light Drizzle",50.0826,8.2493,"50.0826,8.2493","50.0826,8.2493","","Partially cloudy"
"50.0826,8.2493","12/29/2018 15:00:00",2.7,2.7,2.7,0.1,82.94,,6.2,,257.0,1.0,0.0,,0.0,7.8,51.1,1033.2,"Mist, Light Drizzle, Smoke Or Haze",50.0826,8.2493,"50.0826,8.2493","50.0826,8.2493","","Partially cloudy"
"50.0826,8.2493","12/29/2018 16:00:00",2.8,2.8,2.8,0.8,86.26,,8.2,,227.0,0.5,0.0,,0.0,7.8,51.1,1032.5,"Mist, Light Drizzle, Smoke Or Haze",50.0826,8.2493,"50.0826,8.2493","50.0826,8.2493","","Partially cloudy"
"50.0826,8.2493","12/29/2018 17:00:00",3.0,3.0,3.0,0.9,86.14,,8.0,,228.0,0.8,0.0,,0.0,9.7,51.1,,"",50.0826,8.2493,"50.0826,8.2493","50.0826,8.2493","","Partially cloudy"
"50.0826,8.2493","12/29/2018 18:00:00",2.9,2.9,2.9,0.1,81.66,,16.4,,260.0,-1.0,0.0,,0.0,9.8,51.1,,"",50.0826,8.2493,"50.0826,8.2493","50.0826,8.2493","","Partially cloudy"
"50.0826,8.2493","12/29/2018 19:00:00",2.9,2.9,2.9,-0.8,76.61,,14.8,,239.0,-0.8,0.2,,0.0,9.0,51.9,,"Light Rain",50.0826,8.2493,"50.0826,8.2493","50.0826,8.2493","","Rain, Partially cloudy"
"50.0826,8.2493","12/29/2018 20:00:00",2.8,2.8,2.8,-0.6,78.1,,14.1,,228.0,-0.8,0.2,,0.0,7.9,51.1,,"Smoke Or Haze",50.0826,8.2493,"50.0826,8.2493","50.0826,8.2493","","Rain, Partially cloudy"
"50.0826,8.2493","12/29/2018 21:00:00",3.1,3.1,3.1,0.2,81.55,,12.8,,228.0,-0.3,0.0,,0.0,9.8,51.1,,"",50.0826,8.2493,"50.0826,8.2493","50.0826,8.2493","","Partially cloudy"
"50.0826,8.2493","12/29/2018 22:00:00",3.8,3.8,3.8,0.9,81.09,,17.4,,246.0,0.0,0.0,,0.0,10.0,51.1,,"",50.0826,8.2493,"50.0826,8.2493","50.0826,8.2493","","Partially cloudy"
"50.0826,8.2493","12/29/2018 23:00:00",4.8,4.8,4.8,1.1,76.55,,22.6,,255.0,0.6,0.0,,0.0,10.0,51.1,1028.0,"",50.0826,8.2493,"50.0826,8.2493","50.0826,8.2493","","Partially cloudy"
"50.0826,8.2493","12/30/2018 00:00:00",4.8,4.8,4.8,1.0,76.02,,21.1,,237.0,0.7,0.0,,0.0,10.0,51.1,1027.6,"",50.0826,8.2493,"50.0826,8.2493","50.0826,8.2493","","Partially cloudy"
"50.0826,8.2493","12/30/2018 01:00:00",5.0,5.0,5.0,-2.5,58.26,,20.7,,255.0,1.0,0.0,,0.0,10.0,51.1,1027.9,"",50.0826,8.2493,"50.0826,8.2493","50.0826,8.2493","","Partially cloudy"
"50.0826,8.2493","12/30/2018 02:00:00",4.9,4.9,4.9,-1.7,62.24,,21.2,,248.0,0.8,0.0,,0.0,10.0,45.8,1028.2,"",50.0826,8.2493,"50.0826,8.2493","50.0826,8.2493","","Partially cloudy"
"50.0826,8.2493","12/30/2018 03:00:00",6.0,6.0,6.0,-2.5,54.33,,12.1,,260.0,3.4,0.0,,0.0,10.0,51.1,1028.9,"",50.0826,8.2493,"50.0826,8.2493","50.0826,8.2493","","Partially cloudy"
"50.0826,8.2493","12/30/2018 04:00:00",6.9,6.9,6.9,-2.7,50.34,,15.6,,252.0,4.0,0.0,,0.0,10.0,51.1,1029.2,"",50.0826,8.2493,"50.0826,8.2493","50.0826,8.2493","","Partially cloudy"
"50.0826,8.2493","12/30/2018 05:00:00",7.2,7.2,7.2,-2.5,49.89,,14.2,,281.0,4.6,0.0,,0.0,10.0,51.1,1029.9,"",50.0826,8.2493,"50.0826,8.2493","50.0826,8.2493","","Partially cloudy"
"50.0826,8.2493","12/30/2018 06:00:00",7.8,7.8,7.8,-3.4,44.91,,18.8,,309.0,4.8,0.0,,0.0,10.0,51.1,1030.6,"",50.0826,8.2493,"50.0826,8.2493","50.0826,8.2493","","Partially cloudy"
"50.0826,8.2493","12/30/2018 07:00:00",7.2,7.2,7.2,-3.7,45.91,,18.2,,299.0,4.1,0.0,,0.0,10.0,51.1,1031.2,"",50.0826,8.2493,"50.0826,8.2493","50.0826,8.2493","","Partially cloudy"
"50.0826,8.2493","12/30/2018 08:00:00",7.2,7.2,7.2,-3.4,46.75,,16.4,,318.0,4.3,0.0,,0.0,10.0,51.1,1031.9,"",50.0826,8.2493,"50.0826,8.2493","50.0826,8.2493","","Partially cloudy"
"50.0826,8.2493","12/30/2018 09:00:00",7.2,7.2,7.2,-2.9,48.74,,16.3,,297.0,4.3,0.0,,0.0,10.0,51.1,1032.9,"",50.0826,8.2493,"50.0826,8.2493","50.0826,8.2493","","Partially cloudy"
"50.0826,8.2493","12/30/2018 10:00:00",7.1,7.1,7.1,-2.5,50.4,,10.0,,262.0,5.2,0.0,,0.0,10.0,51.1,1033.3,"",50.0826,8.2493,"50.0826,8.2493","50.0826,8.2493","","Partially cloudy"
"50.0826,8.2493","12/30/2018 11:00:00",7.8,7.8,7.8,-2.4,48.45,,11.3,,275.0,5.8,0.0,,0.0,10.0,51.1,1033.9,"",50.0826,8.2493,"50.0826,8.2493","50.0826,8.2493","","Partially cloudy"
"50.0826,8.2493","12/30/2018 12:00:00",7.9,7.9,7.9,-2.3,48.4,,7.8,,295.0,6.6,0.0,,0.0,10.0,51.1,1033.9,"",50.0826,8.2493,"50.0826,8.2493","50.0826,8.2493","","Partially cloudy"
"50.0826,8.2493","12/30/2018 13:00:00",7.8,7.8,7.8,-2.3,48.72,,13.0,,277.0,5.5,0.0,,0.0,10.0,51.1,1033.5,"",50.0826,8.2493,"50.0826,8.2493","50.0826,8.2493","","Partially cloudy"
"50.0826,8.2493","12/30/2018 14:00:00",7.2,7.2,7.2,-2.3,50.71,,11.7,,278.0,5.0,0.0,,0.0,10.0,51.1,1033.2,"",50.0826,8.2493,"50.0826,8.2493","50.0826,8.2493","","Partially cloudy"
"50.0826,8.2493","12/30/2018 15:00:00",7.2,7.2,7.2,-2.4,50.35,,11.6,,276.0,5.0,0.0,,0.0,10.0,51.1,1033.9,"",50.0826,8.2493,"50.0826,8.2493","50.0826,8.2493","","Partially cloudy"
"50.0826,8.2493","12/30/2018 16:00:00",7.1,7.1,7.1,-2.3,51.05,,13.0,,266.0,4.7,0.0,,0.0,10.0,51.1,1034.2,"",50.0826,8.2493,"50.0826,8.2493","50.0826,8.2493","","Partially cloudy"
"50.0826,8.2493","12/30/2018 17:00:00",7.0,7.0,7.0,-1.8,53.57,,14.9,,266.0,4.2,0.0,,0.0,10.0,51.1,1034.2,"Light Rain",50.0826,8.2493,"50.0826,8.2493","50.0826,8.2493","","Partially cloudy"
"50.0826,8.2493","12/30/2018 18:00:00",6.9,6.9,6.9,-1.7,54.12,,14.9,,276.0,4.1,0.0,,0.0,10.0,48.2,1034.2,"Light Rain",50.0826,8.2493,"50.0826,8.2493","50.0826,8.2493","","Partially cloudy"
"50.0826,8.2493","12/30/2018 19:00:00",6.8,6.8,6.8,-1.5,55.25,,14.9,,267.0,4.0,0.0,,0.0,10.0,51.1,1033.8,"",50.0826,8.2493,"50.0826,8.2493","50.0826,8.2493","","Partially cloudy"
"50.0826,8.2493","12/30/2018 20:00:00",6.2,6.2,6.2,-1.4,58.14,,11.4,,276.0,3.9,0.0,,0.0,10.0,51.1,1034.2,"",50.0826,8.2493,"50.0826,8.2493","50.0826,8.2493","","Partially cloudy"
"50.0826,8.2493","12/30/2018 21:00:00",6.1,6.1,6.1,-0.7,61.54,,9.9,,277.0,4.0,0.0,,0.0,10.0,51.1,1034.2,"Light Rain",50.0826,8.2493,"50.0826,8.2493","50.0826,8.2493","","Partially cloudy"
"50.0826,8.2493","12/30/2018 22:00:00",5.9,5.9,5.9,-0.6,63.14,,8.0,,266.0,4.2,0.0,,0.0,10.0,51.1,1033.8,"Light Rain",50.0826,8.2493,"50.0826,8.2493","50.0826,8.2493","","Partially cloudy"
"50.0826,8.2493","12/30/2018 23:00:00",5.8,5.8,5.8,0.1,66.57,,9.5,,256.0,3.7,0.0,,0.0,10.0,45.8,1033.5,"Light Rain",50.0826,8.2493,"50.0826,8.2493","50.0826,8.2493","","Partially cloudy"
"50.0826,8.2493","12/31/2018 00:00:00",5.8,5.8,5.8,0.3,67.86,,9.8,,265.0,3.6,0.2,,0.0,10.0,51.1,1033.1,"",50.0826,8.2493,"50.0826,8.2493","50.0826,8.2493","","Rain, Partially cloudy"
"50.0826,8.2493","12/31/2018 01:00:00",5.8,5.8,5.8,0.4,68.57,,7.7,,245.0,4.1,0.0,,0.0,10.0,51.1,1033.1,"",50.0826,8.2493,"50.0826,8.2493","50.0826,8.2493","","Partially cloudy"
"50.0826,8.2493","12/31/2018 02:00:00",5.2,5.2,5.2,0.5,71.68,,0.7,,335.0,,0.0,,0.0,8.2,51.1,1033.2,"Smoke Or Haze",50.0826,8.2493,"50.0826,8.2493","50.0826,8.2493","","Partially cloudy"
"50.0826,8.2493","12/31/2018 03:00:00",5.8,5.8,5.8,1.1,71.79,,1.0,,335.0,,0.0,,0.0,9.9,51.1,1033.1,"",50.0826,8.2493,"50.0826,8.2493","50.0826,8.2493","","Partially cloudy"
"50.0826,8.2493","12/31/2018 04:00:00",5.8,5.8,5.8,1.1,72.04,,0.4,,26.0,,0.0,,0.0,9.8,51.1,1032.8,"Light Drizzle",50.0826,8.2493,"50.0826,8.2493","50.0826,8.2493","","Partially cloudy"
"50.0826,8.2493","12/31/2018 05:00:00",5.8,5.8,5.8,1.3,72.79,,0.7,,334.0,,0.0,,0.0,9.6,51.1,1032.5,"Mist, Light Drizzle",50.0826,8.2493,"50.0826,8.2493","50.0826,8.2493","","Partially cloudy"
"50.0826,8.2493","12/31/2018 06:00:00",5.8,5.8,5.8,1.4,73.55,,0.6,,23.0,,0.0,,0.0,9.7,51.1,1032.5,"Light Drizzle",50.0826,8.2493,"50.0826,8.2493","50.0826,8.2493","","Partially cloudy"
"50.0826,8.2493","12/31/2018 07:00:00",5.8,5.8,5.8,1.4,73.55,,5.6,,96.0,4.8,0.0,,0.0,9.7,51.9,1033.2,"",50.0826,8.2493,"50.0826,8.2493","50.0826,8.2493","","Partially cloudy"
"50.0826,8.2493","12/31/2018 08:00:00",5.8,5.8,5.8,2.0,76.71,,0.7,,335.0,,0.0,,0.0,9.8,51.1,1033.5,"",50.0826,8.2493,"50.0826,8.2493","50.0826,8.2493","","Partially cloudy"
"50.0826,8.2493","12/31/2018 09:00:00",5.9,5.9,5.9,1.9,75.69,,0.3,,347.0,,0.0,,0.0,6.0,49.9,1034.2,"Light Drizzle",50.0826,8.2493,"50.0826,8.2493","50.0826,8.2493","","Partially cloudy"
"50.0826,8.2493","12/31/2018 10:00:00",6.1,6.1,6.1,2.3,76.9,,0.8,,338.0,,0.0,,0.0,8.0,51.1,1034.2,"Smoke Or Haze",50.0826,8.2493,"50.0826,8.2493","50.0826,8.2493","","Partially cloudy"
"50.0826,8.2493","12/31/2018 11:00:00",7.1,7.1,7.1,3.2,76.65,,9.1,,281.0,5.3,0.0,,0.0,9.9,51.1,1034.2,"Light Drizzle",50.0826,8.2493,"50.0826,8.2493","50.0826,8.2493","","Partially cloudy"
"50.0826,8.2493","12/31/2018 12:00:00",7.8,7.8,7.8,4.0,76.93,,12.7,,282.0,5.6,0.0,,0.0,10.0,45.8,1033.8,"Light Drizzle",50.0826,8.2493,"50.0826,8.2493","50.0826,8.2493","","Partially cloudy"
"50.0826,8.2493","12/31/2018 13:00:00",9.0,9.0,9.0,3.3,67.61,,9.4,,255.0,7.5,0.0,,0.0,10.0,45.8,1033.1,"",50.0826,8.2493,"50.0826,8.2493","50.0826,8.2493","","Partially cloudy"
"50.0826,8.2493","12/31/2018 14:00:00",9.1,9.1,9.1,2.2,61.75,,7.6,,254.0,8.1,0.0,,0.0,10.0,48.2,1033.1,"",50.0826,8.2493,"50.0826,8.2493","50.0826,8.2493","","Partially cloudy"
"50.0826,8.2493","12/31/2018 15:00:00",9.1,9.1,9.1,1.5,59.18,,5.6,,274.0,8.5,0.0,,0.0,10.0,51.1,1033.1,"Light Rain",50.0826,8.2493,"50.0826,8.2493","50.0826,8.2493","","Partially cloudy"
"50.0826,8.2493","12/31/2018 16:00:00",8.8,8.8,8.8,1.7,60.9,,6.7,,264.0,8.0,0.0,,0.0,10.0,45.8,1033.5,"Light Rain",50.0826,8.2493,"50.0826,8.2493","50.0826,8.2493","","Partially cloudy"
"50.0826,8.2493","12/31/2018 17:00:00",8.1,8.1,8.1,2.4,66.98,,7.7,,292.0,6.9,0.0,,0.0,10.0,51.1,1033.8,"",50.0826,8.2493,"50.0826,8.2493","50.0826,8.2493","","Partially cloudy"
"50.0826,8.2493","12/31/2018 18:00:00",8.1,8.1,8.1,2.2,66.06,,7.7,,301.0,6.9,0.0,,0.0,10.0,51.1,1033.5,"",50.0826,8.2493,"50.0826,8.2493","50.0826,8.2493","","Partially cloudy"
"50.0826,8.2493","12/31/2018 19:00:00",8.7,8.7,8.7,2.2,63.81,,9.5,,311.0,7.1,0.0,,0.0,10.0,51.1,1033.8,"",50.0826,8.2493,"50.0826,8.2493","50.0826,8.2493","","Partially cloudy"
"50.0826,8.2493","12/31/2018 20:00:00",8.6,8.6,8.6,1.5,60.96,,6.0,,292.0,7.9,0.0,,0.0,10.0,51.1,1034.2,"",50.0826,8.2493,"50.0826,8.2493","50.0826,8.2493","","Partially cloudy"
"50.0826,8.2493","12/31/2018 21:00:00",7.7,7.7,7.7,2.1,67.71,,0.8,,337.0,,0.0,,0.0,10.0,51.1,1033.8,"",50.0826,8.2493,"50.0826,8.2493","50.0826,8.2493","","Partially cloudy"
"50.0826,8.2493","12/31/2018 22:00:00",7.1,7.1,7.1,2.2,70.73,,0.8,,337.0,,0.0,,0.0,9.9,51.1,1033.8,"",50.0826,8.2493,"50.0826,8.2493","50.0826,8.2493","","Partially cloudy"
"50.0826,8.2493","12/31/2018 23:00:00",7.1,7.1,7.1,2.4,72.05,,0.8,,335.0,,0.0,,0.0,9.8,51.9,1033.8,"",50.0826,8.2493,"50.0826,8.2493","50.0826,8.2493","","Partially cloudy"
"50.0826,8.2493","01/01/2019 00:00:00",6.8,6.8,6.8,2.4,73.23,,5.6,,115.0,6.0,0.0,,0.0,5.9,51.9,1033.4,"Mist, Smoke Or Haze",50.0826,8.2493,"50.0826,8.2493","50.0826,8.2493","","Partially cloudy"
"50.0826,8.2493","01/01/2019 01:00:00",6.8,6.8,6.8,3.0,76.61,,0.7,,337.0,,0.0,,0.0,2.1,51.1,1033.1,"Fog, Smoke Or Haze",50.0826,8.2493,"50.0826,8.2493","50.0826,8.2493","","Partially cloudy"
"50.0826,8.2493","01/01/2019 02:00:00",6.0,6.0,6.0,2.2,76.63,,0.8,,335.0,,0.0,,0.0,0.2,49.1,1032.4,"Mist, Smoke Or Haze",50.0826,8.2493,"50.0826,8.2493","50.0826,8.2493","","Partially cloudy"
"50.0826,8.2493","01/01/2019 03:00:00",5.9,5.9,5.9,2.4,77.93,,1.0,,338.0,,0.0,,0.0,0.2,51.1,1032.4,"Mist, Smoke Or Haze",50.0826,8.2493,"50.0826,8.2493","50.0826,8.2493","","Partially cloudy"
"50.0826,8.2493","01/01/2019 04:00:00",5.8,5.8,5.8,2.4,78.45,,1.0,,337.0,,0.0,,0.0,0.2,49.9,1031.4,"Mist, Smoke Or Haze",50.0826,8.2493,"50.0826,8.2493","50.0826,8.2493","","Partially cloudy"
"50.0826,8.2493","01/01/2019 05:00:00",5.9,5.9,5.9,3.0,81.53,,9.6,,265.0,3.8,0.0,,0.0,3.9,49.5,1030.8,"Mist, Smoke Or Haze",50.0826,8.2493,"50.0826,8.2493","50.0826,8.2493","","Partially cloudy"
"50.0826,8.2493","01/01/2019 06:00:00",6.8,6.8,6.8,3.0,76.81,,9.6,,256.0,4.9,0.0,,0.0,9.6,49.5,1030.0,"Mist",50.0826,8.2493,"50.0826,8.2493","50.0826,8.2493","","Partially cloudy"
"50.0826,8.2493","01/01/2019 07:00:00",7.1,7.1,7.1,2.3,71.44,,15.0,,267.0,4.4,0.0,,0.0,10.0,27.7,1029.7,"",50.0826,8.2493,"50.0826,8.2493","50.0826,8.2493","","Partially cloudy"
"50.0826,8.2493","01/01/2019 08:00:00",7.2,7.2,7.2,1.1,64.95,,15.0,,277.0,4.5,0.0,,0.0,10.0,44.6,1029.7,"",50.0826,8.2493,"50.0826,8.2493","50.0826,8.2493","","Partially cloudy"
"50.0826,8.2493","01/01/2019 09:00:00",7.1,7.1,7.1,0.4,62.52,,15.3,,268.0,4.3,0.0,,0.0,10.0,49.1,1029.7,"",50.0826,8.2493,"50.0826,8.2493","50.0826,8.2493","","Partially cloudy"
"50.0826,8.2493","01/01/2019 10:00:00",7.1,7.1,7.1,0.4,62.09,,13.2,,286.0,4.6,0.0,,0.0,10.0,51.1,1029.4,"",50.0826,8.2493,"50.0826,8.2493","50.0826,8.2493","","Partially cloudy"
"50.0826,8.2493","01/01/2019 11:00:00",7.1,7.1,7.1,0.3,61.87,,20.9,,269.0,3.7,0.0,,0.0,10.0,49.1,1029.1,"",50.0826,8.2493,"50.0826,8.2493","50.0826,8.2493","","Partially cloudy"
"50.0826,8.2493","01/01/2019 12:00:00",6.9,6.9,6.9,-0.9,57.58,,22.3,,278.0,3.3,0.0,,0.0,10.0,51.1,1028.7,"Light Drizzle, Light Rain",50.0826,8.2493,"50.0826,8.2493","50.0826,8.2493","","Partially cloudy"
"50.0826,8.2493","01/01/2019 13:00:00",6.8,6.8,6.8,1.0,66.66,,25.9,,268.0,2.8,0.0,,0.0,10.0,49.9,1027.7,"Light Drizzle",50.0826,8.2493,"50.0826,8.2493","50.0826,8.2493","","Partially cloudy"
"50.0826,8.2493","01/01/2019 14:00:00",6.9,6.9,6.9,1.3,67.37,,20.8,,258.0,3.4,0.0,,0.0,10.0,49.1,1027.4,"",50.0826,8.2493,"50.0826,8.2493","50.0826,8.2493","","Partially cloudy"
"50.0826,8.2493","01/01/2019 15:00:00",7.0,7.0,7.0,1.4,67.6,,18.5,,266.0,3.8,0.0,,0.0,9.8,49.1,1027.1,"Light Drizzle, Light Rain",50.0826,8.2493,"50.0826,8.2493","50.0826,8.2493","","Partially cloudy"
"50.0826,8.2493","01/01/2019 16:00:00",6.8,6.8,6.8,2.1,71.82,,18.7,,267.0,3.5,0.0,,0.0,9.6,43.8,1027.1,"Light Drizzle, Light Rain",50.0826,8.2493,"50.0826,8.2493","50.0826,8.2493","","Partially cloudy"
"50.0826,8.2493","01/01/2019 17:00:00",6.8,6.8,6.8,2.2,72.48,,22.3,,257.0,3.1,0.2,,0.0,9.7,15.8,1026.7,"Light Drizzle, Light Rain",50.0826,8.2493,"50.0826,8.2493","50.0826,8.2493","","Rain"
"50.0826,8.2493","01/01/2019 18:00:00",6.8,6.8,6.8,2.4,73.23,,13.3,,269.0,4.2,1.0,,0.0,10.0,15.8,1027.4,"",50.0826,8.2493,"50.0826,8.2493","50.0826,8.2493","","Rain"
"50.0826,8.2493","01/01/2019 19:00:00",7.0,7.0,7.0,1.2,66.72,,29.1,38.9,300.0,2.8,0.0,,0.0,10.0,25.2,1027.4,"Rain Showers",50.0826,8.2493,"50.0826,8.2493","50.0826,8.2493","","Partially cloudy"
"50.0826,8.2493","01/01/2019 20:00:00",6.7,6.7,6.7,-0.8,58.79,,20.8,,291.0,3.1,0.0,,0.0,10.0,25.2,1027.7,"Rain Showers",50.0826,8.2493,"50.0826,8.2493","50.0826,8.2493","","Partially cloudy"
"50.0826,8.2493","01/01/2019 21:00:00",5.9,5.9,5.9,-0.8,62.13,,17.6,27.7,297.0,2.5,0.2,,0.0,10.0,41.2,1028.4,"Precipitation In Vicinity, Light Rain",50.0826,8.2493,"50.0826,8.2493","50.0826,8.2493","","Rain, Partially cloudy"
"50.0826,8.2493","01/01/2019 22:00:00",5.1,5.1,5.1,-2.0,59.98,,16.8,59.4,301.0,1.7,0.0,,0.0,10.0,41.2,1028.4,"Light Rain",50.0826,8.2493,"50.0826,8.2493","50.0826,8.2493","","Partially cloudy"
"50.0826,8.2493","01/01/2019 23:00:00",4.9,4.9,4.9,-1.0,65.66,,18.6,,290.0,1.1,0.0,,0.0,10.0,47.4,1028.4,"Precipitation In Vicinity",50.0826,8.2493,"50.0826,8.2493","50.0826,8.2493","","Partially cloudy"
"50.0826,8.2493","01/02/2019 00:00:00",4.0,4.0,4.0,-3.5,57.99,,13.0,31.7,299.0,0.9,0.2,,0.0,10.0,13.2,1029.2,"",50.0826,8.2493,"50.0826,8.2493","50.0826,8.2493","","Rain"
"50.0826,8.2493","01/02/2019 01:00:00",4.2,4.2,4.2,-3.9,55.69,,21.9,33.5,298.0,-0.2,0.0,,0.0,10.0,26.9,1029.5,"Rain Showers",50.0826,8.2493,"50.0826,8.2493","50.0826,8.2493","","Partially cloudy"
"50.0826,8.2493","01/02/2019 02:00:00",4.2,4.2,4.2,-3.8,55.92,,15.3,30.7,335.0,0.7,0.0,,0.0,10.0,14.1,1029.9,"Precipitation In Vicinity, Light Rain",50.0826,8.2493,"50.0826,8.2493","50.0826,8.2493","","Clear"
"50.0826,8.2493","01/02/2019 03:00:00",4.0,4.0,4.0,-4.8,52.72,,25.5,42.5,318.0,-0.8,0.2,,0.0,10.0,27.6,1030.1,"",50.0826,8.2493,"50.0826,8.2493","50.0826,8.2493","","Rain, Partially cloudy"
"50.0826,8.2493","01/02/2019 04:00:00",3.8,3.8,3.8,-5.5,50.58,,20.7,38.9,317.0,-0.5,0.0,,0.0,10.0,4.7,1030.2,"",50.0826,8.2493,"50.0826,8.2493","50.0826,8.2493","","Clear"
"50.0826,8.2493","01/02/2019 05:00:00",3.9,3.9,3.9,-5.6,49.75,,25.6,40.7,327.0,-0.9,0.0,,0.0,10.0,2.1,1030.2,"",50.0826,8.2493,"50.0826,8.2493","50.0826,8.2493","","Clear"
"50.0826,8.2493","01/02/2019 06:00:00",3.9,3.9,3.9,-5.6,50.11,,29.1,42.5,337.0,-1.3,0.0,,0.0,10.0,2.1,1030.2,"",50.0826,8.2493,"50.0826,8.2493","50.0826,8.2493","","Clear"
"50.0826,8.2493","01/02/2019 07:00:00",3.9,3.9,3.9,-4.8,53.08,,25.7,37.1,337.0,-0.9,0.0,,0.0,10.0,48.3,1030.8,"",50.0826,8.2493,"50.0826,8.2493","50.0826,8.2493","","Partially cloudy"
"50.0826,8.2493","01/02/2019 08:00:00",3.9,3.9,3.9,-4.0,56.49,,28.7,44.6,328.0,-1.2,0.0,,0.0,10.0,27.6,1030.9,"Light Rain",50.0826,8.2493,"50.0826,8.2493","50.0826,8.2493","","Partially cloudy"
"50.0826,8.2493","01/02/2019 09:00:00",3.9,3.9,3.9,-4.6,54.05,,13.8,31.7,338.0,0.6,0.0,,0.0,10.0,27.6,1031.9,"Precipitation In Vicinity",50.0826,8.2493,"50.0826,8.2493","50.0826,8.2493","","Partially cloudy"
"50.0826,8.2493","01/02/2019 10:00:00",4.1,4.1,4.1,-3.9,56.33,,31.2,46.4,337.0,-1.3,0.0,,0.0,10.0,27.6,1032.3,"",50.0826,8.2493,"50.0826,8.2493","50.0826,8.2493","","Partially cloudy"
"50.0826,8.2493","01/02/2019 11:00:00",4.8,4.8,4.8,-4.0,53.02,,16.9,,318.0,1.2,0.0,,0.0,10.0,28.5,1032.9,"Precipitation In Vicinity",50.0826,8.2493,"50.0826,8.2493","50.0826,8.2493","","Partially cloudy"
"50.0826,8.2493","01/02/2019 12:00:00",4.8,4.8,4.8,-4.5,50.9,,13.7,31.7,347.0,1.7,0.0,,0.0,10.0,25.1,1033.3,"Precipitation In Vicinity",50.0826,8.2493,"50.0826,8.2493","50.0826,8.2493","","Partially cloudy"
"50.0826,8.2493","01/02/2019 13:00:00",5.2,5.2,5.2,-3.8,52.28,,1.8,,353.0,,0.0,,0.0,10.0,38.1,1033.3,"",50.0826,8.2493,"50.0826,8.2493","50.0826,8.2493","","Partially cloudy"
"50.0826,8.2493","01/02/2019 14:00:00",6.1,6.1,6.1,-7.6,36.82,,13.9,42.5,339.0,3.2,0.0,,0.0,10.0,42.0,1033.3,"",50.0826,8.2493,"50.0826,8.2493","50.0826,8.2493","","Partially cloudy"
"50.0826,8.2493","01/02/2019 15:00:00",5.7,5.7,5.7,-8.8,34.41,,22.3,,349.0,1.7,0.0,,0.0,10.0,26.3,1033.3,"",50.0826,8.2493,"50.0826,8.2493","50.0826,8.2493","","Partially cloudy"
"50.0826,8.2493","01/02/2019 16:00:00",5.0,5.0,5.0,-8.7,36.36,,20.5,27.7,348.0,1.0,0.0,,0.0,10.0,26.4,1034.0,"",50.0826,8.2493,"50.0826,8.2493","50.0826,8.2493","","Partially cloudy"
"50.0826,8.2493","01/02/2019 17:00:00",3.9,3.9,3.9,-8.7,39.26,,18.2,,339.0,-0.1,0.0,,0.0,10.0,0.0,1034.7,"",50.0826,8.2493,"50.0826,8.2493","50.0826,8.2493","","Clear"
"50.0826,8.2493","01/02/2019 18:00:00",3.1,3.1,3.1,-8.9,41.14,,8.4,,330.0,0.8,0.0,,0.0,10.0,0.0,1035.8,"",50.0826,8.2493,"50.0826,8.2493","50.0826,8.2493","","Clear"
"50.0826,8.2493","01/02/2019 19:00:00",2.2,2.2,2.2,-8.3,45.73,,9.7,,335.0,-0.6,0.0,,0.0,10.0,0.0,1036.1,"",50.0826,8.2493,"50.0826,8.2493","50.0826,8.2493","","Clear"
"50.0826,8.2493","01/02/2019 20:00:00",1.8,1.8,1.8,-8.2,47.59,,8.1,,325.0,-0.6,0.0,,0.0,10.0,0.0,1036.8,"",50.0826,8.2493,"50.0826,8.2493","50.0826,8.2493","","Clear"
"50.0826,8.2493","01/02/2019 21:00:00",1.3,1.3,1.3,-8.3,48.7,,1.4,,291.0,,0.0,,0.0,10.0,0.0,1037.6,"",50.0826,8.2493,"50.0826,8.2493","50.0826,8.2493","","Clear"
"50.0826,8.2493","01/02/2019 22:00:00",1.0,1.0,1.0,-9.2,46.38,,1.5,,290.0,,0.0,,0.0,10.0,0.0,1037.5,"",50.0826,8.2493,"50.0826,8.2493","50.0826,8.2493","","Clear"
"50.0826,8.2493","01/02/2019 23:00:00",-0.3,-0.3,-0.3,-8.2,55.29,,1.5,,300.0,,0.0,,0.0,10.0,0.0,1037.6,"",50.0826,8.2493,"50.0826,8.2493","50.0826,8.2493","","Clear"
"50.0826,8.2493","01/03/2019 00:00:00",-1.0,-1.0,-1.0,-8.6,56.65,,5.6,,342.0,-3.0,0.0,,0.0,10.0,0.0,1037.9,"",50.0826,8.2493,"50.0826,8.2493","50.0826,8.2493","","Clear"
"50.0826,8.2493","01/03/2019 01:00:00",-1.1,-1.1,-1.1,-8.6,56.85,,5.4,,341.0,-3.0,0.0,,0.0,10.0,2.2,1038.2,"",50.0826,8.2493,"50.0826,8.2493","50.0826,8.2493","","Clear"
"50.0826,8.2493","01/03/2019 02:00:00",-1.9,-1.9,-1.9,-8.0,63.47,,7.5,,305.0,-4.8,0.0,,0.0,10.0,6.7,1038.6,"",50.0826,8.2493,"50.0826,8.2493","50.0826,8.2493","","Clear"
"50.0826,8.2493","01/03/2019 03:00:00",-0.9,-0.9,-0.9,-7.6,60.34,,7.4,,313.0,-3.6,0.0,,0.0,10.0,47.3,1038.9,"",50.0826,8.2493,"50.0826,8.2493","50.0826,8.2493","","Partially cloudy"
"50.0826,8.2493","01/03/2019 04:00:00",-0.3,-0.3,-0.3,-7.6,57.7,,9.3,,331.0,-3.5,0.0,,0.0,10.0,46.5,1038.5,"",50.0826,8.2493,"50.0826,8.2493","50.0826,8.2493","","Partially cloudy"
"50.0826,8.2493","01/03/2019 05:00:00",-0.2,-0.2,-0.2,-7.6,57.52,,7.4,,346.0,-2.7,0.0,,0.0,10.0,43.8,1037.9,"",50.0826,8.2493,"50.0826,8.2493","50.0826,8.2493","","Partially cloudy"
"50.0826,8.2493","01/03/2019 06:00:00",-0.2,-0.2,-0.2,-6.9,60.63,,9.1,,300.0,-3.2,0.0,,0.0,10.0,46.5,1037.9,"",50.0826,8.2493,"50.0826,8.2493","50.0826,8.2493","","Partially cloudy"
"50.0826,8.2493","01/03/2019 07:00:00",-0.3,-0.3,-0.3,-6.7,61.89,,7.5,,306.0,-2.9,0.0,,0.0,10.0,24.3,1038.0,"",50.0826,8.2493,"50.0826,8.2493","50.0826,8.2493","","Clear"
"50.0826,8.2493","01/03/2019 08:00:00",0.7,0.7,0.7,-5.0,65.29,,7.8,,303.0,-1.8,0.0,,0.0,10.0,49.1,1038.3,"",50.0826,8.2493,"50.0826,8.2493","50.0826,8.2493","","Partially cloudy"
"50.0826,8.2493","01/03/2019 09:00:00",0.7,0.7,0.7,-4.8,66.7,,11.0,,283.0,-2.7,0.0,,0.0,10.0,43.8,1038.3,"",50.0826,8.2493,"50.0826,8.2493","50.0826,8.2493","","Partially cloudy"
"50.0826,8.2493","01/03/2019 10:00:00",1.1,1.1,1.1,-4.0,68.98,,9.4,,285.0,-1.9,0.0,,0.0,10.0,17.8,1038.3,"",50.0826,8.2493,"50.0826,8.2493","50.0826,8.2493","","Clear"
"50.0826,8.2493","01/03/2019 11:00:00",2.6,2.6,2.6,-3.0,66.17,,11.2,,310.0,-0.4,0.0,,0.0,10.0,27.7,1038.3,"",50.0826,8.2493,"50.0826,8.2493","50.0826,8.2493","","Partially cloudy"
"50.0826,8.2493","01/03/2019 12:00:00",2.8,2.8,2.8,-2.9,65.77,,15.9,,320.0,-1.1,0.0,,0.0,10.0,45.8,1038.0,"",50.0826,8.2493,"50.0826,8.2493","50.0826,8.2493","","Partially cloudy"
"50.0826,8.2493","01/03/2019 13:00:00",3.1,3.1,3.1,-3.0,64.56,,12.6,,334.0,-0.2,0.0,,0.0,10.0,51.1,1037.6,"Light Rain And Snow",50.0826,8.2493,"50.0826,8.2493","50.0826,8.2493","","Partially cloudy"
"50.0826,8.2493","01/03/2019 14:00:00",3.8,3.8,3.8,-2.8,62.21,,9.5,,327.0,1.3,0.0,,0.0,10.0,41.2,1037.3,"",50.0826,8.2493,"50.0826,8.2493","50.0826,8.2493","","Partially cloudy"
"50.0826,8.2493","01/03/2019 15:00:00",3.9,3.9,3.9,-3.0,60.87,,13.2,,328.0,0.7,0.0,,0.0,10.0,43.8,1037.2,"",50.0826,8.2493,"50.0826,8.2493","50.0826,8.2493","","Partially cloudy"
"50.0826,8.2493","01/03/2019 16:00:00",3.8,3.8,3.8,-2.6,63.25,,9.7,,309.0,1.3,0.0,,0.0,10.0,43.8,1037.6,"Light Rain",50.0826,8.2493,"50.0826,8.2493","50.0826,8.2493","","Partially cloudy"
"50.0826,8.2493","01/03/2019 17:00:00",3.1,3.1,3.1,-2.6,66.66,,11.1,,317.0,0.1,0.0,,0.0,10.0,14.1,1037.6,"",50.0826,8.2493,"50.0826,8.2493","50.0826,8.2493","","Clear"
"50.0826,8.2493","01/03/2019 18:00:00",3.1,3.1,3.1,-2.6,65.74,,9.2,,319.0,0.6,0.0,,0.0,10.0,47.4,1037.6,"",50.0826,8.2493,"50.0826,8.2493","50.0826,8.2493","","Partially cloudy"
"50.0826,8.2493","01/03/2019 19:00:00",2.8,2.8,2.8,-1.7,72.08,,7.6,,328.0,0.7,0.0,,0.0,10.0,42.0,1038.0,"",50.0826,8.2493,"50.0826,8.2493","50.0826,8.2493","","Partially cloudy"
"50.0826,8.2493","01/03/2019 20:00:00",2.8,2.8,2.8,-1.9,71.32,,7.7,,337.0,0.7,0.0,,0.0,10.0,46.5,1037.9,"",50.0826,8.2493,"50.0826,8.2493","50.0826,8.2493","","Partially cloudy"
"50.0826,8.2493","01/03/2019 21:00:00",2.9,2.9,2.9,-2.0,69.95,,8.6,,347.0,0.5,0.0,,0.0,10.0,25.2,1038.2,"Light Rain",50.0826,8.2493,"50.0826,8.2493","50.0826,8.2493","","Partially cloudy"
"50.0826,8.2493","01/03/2019 22:00:00",1.9,1.9,1.9,-2.9,70.62,,7.5,,64.0,-0.4,0.0,,0.0,10.0,5.0,1037.9,"",50.0826,8.2493,"50.0826,8.2493","50.0826,8.2493","","Clear"
"50.0826,8.2493","01/03/2019 23:00:00",1.6,1.6,1.6,-3.1,70.94,,7.3,,50.0,-0.6,0.0,,0.0,10.0,2.1,1037.9,"",50.0826,8.2493,"50.0826,8.2493","50.0826,8.2493","","Clear"
"50.0826,8.2493","01/04/2019 00:00:00",1.0,1.0,1.0,-4.0,69.08,,7.3,,43.0,-1.3,0.0,,0.0,10.0,3.8,1038.2,"",50.0826,8.2493,"50.0826,8.2493","50.0826,8.2493","","Clear"
"50.0826,8.2493","01/04/2019 01:00:00",0.0,0.0,0.0,-4.9,69.77,,0.4,,342.0,,0.0,,0.0,10.0,2.1,1038.6,"",50.0826,8.2493,"50.0826,8.2493","50.0826,8.2493","","Clear"
"50.0826,8.2493","01/04/2019 02:00:00",-0.1,-0.1,-0.1,-4.1,74.36,,0.3,,350.0,,0.0,,0.0,10.0,0.0,1038.2,"",50.0826,8.2493,"50.0826,8.2493","50.0826,8.2493","","Clear"
"50.0826,8.2493","01/04/2019 03:00:00",-0.4,-0.4,-0.4,-4.7,72.56,,0.3,,0.0,,0.0,,0.0,10.0,0.0,1038.2,"",50.0826,8.2493,"50.0826,8.2493","50.0826,8.2493","","Clear"
"50.0826,8.2493","01/04/2019 04:00:00",-0.4,-0.4,-0.4,-4.7,72.87,,0.3,,339.0,,0.0,,0.0,10.0,26.4,1038.2,"",50.0826,8.2493,"50.0826,8.2493","50.0826,8.2493","","Partially cloudy"
"50.0826,8.2493","01/04/2019 05:00:00",-1.3,-1.3,-1.3,-4.9,76.3,,0.5,,338.0,,0.0,,0.0,10.0,45.9,1038.0,"",50.0826,8.2493,"50.0826,8.2493","50.0826,8.2493","","Partially cloudy"
"50.0826,8.2493","01/04/2019 06:00:00",-0.9,-0.9,-0.9,-4.8,75.02,,0.6,,342.0,,0.0,,0.0,10.0,47.8,1038.0,"",50.0826,8.2493,"50.0826,8.2493","50.0826,8.2493","","Partially cloudy"
"50.0826,8.2493","01/04/2019 07:00:00",0.9,0.9,0.9,-3.7,71.59,,11.3,,325.0,-2.6,0.0,,0.0,10.0,46.5,1037.6,"",50.0826,8.2493,"50.0826,8.2493","50.0826,8.2493","","Partially cloudy"
"50.0826,8.2493","01/04/2019 08:00:00",1.0,1.0,1.0,-3.8,70.09,,14.3,,335.0,-3.0,0.0,,0.0,10.0,2.9,1037.6,"",50.0826,8.2493,"50.0826,8.2493","50.0826,8.2493","","Clear"
"50.0826,8.2493","01/04/2019 09:00:00",1.7,1.7,1.7,-4.0,65.77,,7.6,,301.0,-0.6,0.0,,0.0,10.0,27.6,1038.2,"",50.0826,8.2493,"50.0826,8.2493","50.0826,8.2493","","Partially cloudy"
"50.0826,8.2493","01/04/2019 10:00:00",1.9,1.9,1.9,-4.0,64.83,,7.8,,317.0,-0.4,0.0,,0.0,10.0,2.1,1038.2,"",50.0826,8.2493,"50.0826,8.2493","50.0826,8.2493","","Clear"
"50.0826,8.2493","01/04/2019 11:00:00",3.7,3.7,3.7,-3.7,58.52,,12.4,,310.0,0.6,0.0,,0.0,10.0,2.1,1037.8,"",50.0826,8.2493,"50.0826,8.2493","50.0826,8.2493","","Clear"
"50.0826,8.2493","01/04/2019 12:00:00",3.8,3.8,3.8,-3.8,57.51,,11.1,,302.0,1.0,0.0,,0.0,10.0,49.2,1037.1,"",50.0826,8.2493,"50.0826,8.2493","50.0826,8.2493","","Partially cloudy"
"50.0826,8.2493","01/04/2019 13:00:00",3.9,3.9,3.9,-3.8,57.22,,14.9,,307.0,0.4,0.0,,0.0,10.0,50.9,1036.2,"",50.0826,8.2493,"50.0826,8.2493","50.0826,8.2493","","Partially cloudy"
"50.0826,8.2493","01/04/2019 14:00:00",4.1,4.1,4.1,-3.6,57.26,,13.3,,297.0,0.9,0.0,,0.0,10.0,43.8,1035.9,"Light Rain",50.0826,8.2493,"50.0826,8.2493","50.0826,8.2493","","Partially cloudy"
"50.0826,8.2493","01/04/2019 15:00:00",3.2,3.2,3.2,-2.0,68.62,,15.1,,278.0,-0.4,0.0,,0.0,10.0,49.1,1035.2,"Light Rain",50.0826,8.2493,"50.0826,8.2493","50.0826,8.2493","","Partially cloudy"
"50.0826,8.2493","01/04/2019 16:00:00",3.8,3.8,3.8,-2.1,65.55,,14.9,,268.0,0.3,0.0,,0.0,10.0,49.1,1034.2,"Light Rain",50.0826,8.2493,"50.0826,8.2493","50.0826,8.2493","","Partially cloudy"
"50.0826,8.2493","01/04/2019 17:00:00",3.8,3.8,3.8,-2.0,65.99,,11.3,,282.0,1.0,0.0,,0.0,10.0,49.1,1034.2,"Light Rain",50.0826,8.2493,"50.0826,8.2493","50.0826,8.2493","","Partially cloudy"
"50.0826,8.2493","01/04/2019 18:00:00",3.7,3.7,3.7,-1.9,66.81,,14.8,,288.0,0.2,0.0,,0.0,10.0,43.8,1034.2,"Light Rain",50.0826,8.2493,"50.0826,8.2493","50.0826,8.2493","","Partially cloudy"
"50.0826,8.2493","01/04/2019 19:00:00",3.1,3.1,3.1,-1.7,70.49,,8.1,,240.0,0.9,0.0,,0.0,10.0,49.1,1033.8,"",50.0826,8.2493,"50.0826,8.2493","50.0826,8.2493","","Partially cloudy"
"50.0826,8.2493","01/04/2019 20:00:00",3.8,3.8,3.8,-2.0,66.21,,16.2,,276.0,0.1,0.0,,0.0,10.0,49.1,1033.4,"Light Rain",50.0826,8.2493,"50.0826,8.2493","50.0826,8.2493","","Partially cloudy"
"50.0826,8.2493","01/04/2019 21:00:00",3.8,3.8,3.8,-1.8,67.05,,16.5,,307.0,0.0,0.0,,0.0,10.0,49.1,1033.7,"Light Drizzle/Rain",50.0826,8.2493,"50.0826,8.2493","50.0826,8.2493","","Partially cloudy"
"50.0826,8.2493","01/04/2019 22:00:00",3.8,3.8,3.8,-1.7,67.4,,13.3,,298.0,0.5,0.0,,0.0,10.0,51.1,1033.7,"",50.0826,8.2493,"50.0826,8.2493","50.0826,8.2493","","Partially cloudy"
"50.0826,8.2493","01/04/2019 23:00:00",3.8,3.8,3.8,-1.8,66.93,,14.6,,307.0,0.4,0.0,,0.0,10.0,51.9,1033.3,"",50.0826,8.2493,"50.0826,8.2493","50.0826,8.2493","","Partially cloudy"
"50.0826,8.2493","01/05/2019 00:00:00",3.8,3.8,3.8,-1.7,67.17,,11.5,,260.0,0.9,0.0,,0.0,10.0,51.9,1033.0,"",50.0826,8.2493,"50.0826,8.2493","50.0826,8.2493","","Partially cloudy"
"50.0826,8.2493","01/05/2019 01:00:00",3.8,3.8,3.8,-1.6,68.02,,10.0,,278.0,1.3,0.0,,0.0,10.0,51.9,1033.0,"Light Drizzle/Rain",50.0826,8.2493,"50.0826,8.2493","50.0826,8.2493","","Partially cloudy"
"50.0826,8.2493","01/05/2019 02:00:00",3.7,3.7,3.7,-1.0,71.47,,16.5,,268.0,0.0,0.0,,0.0,10.0,51.1,1032.7,"Light Drizzle/Rain",50.0826,8.2493,"50.0826,8.2493","50.0826,8.2493","","Partially cloudy"
"50.0826,8.2493","01/05/2019 03:00:00",3.7,3.7,3.7,0.1,77.16,,16.7,,257.0,-0.1,0.0,,0.0,10.0,49.1,1032.0,"",50.0826,8.2493,"50.0826,8.2493","50.0826,8.2493","","Partially cloudy"
"50.0826,8.2493","01/05/2019 04:00:00",3.7,3.7,3.7,-0.6,73.65,,18.6,,267.0,-0.4,0.0,,0.0,10.0,49.1,1031.6,"Rain, Light Rain",50.0826,8.2493,"50.0826,8.2493","50.0826,8.2493","","Partially cloudy"
"50.0826,8.2493","01/05/2019 05:00:00",3.1,3.1,3.1,0.0,79.76,,18.8,,258.0,-1.1,1.0,,0.0,8.9,43.8,1030.7,"Light Rain",50.0826,8.2493,"50.0826,8.2493","50.0826,8.2493","","Rain, Partially cloudy"
"50.0826,8.2493","01/05/2019 06:00:00",3.1,3.1,3.1,0.0,80.14,,17.1,,257.0,-1.0,1.0,,0.0,10.0,27.3,1029.7,"Light Rain",50.0826,8.2493,"50.0826,8.2493","50.0826,8.2493","","Rain, Partially cloudy"
"50.0826,8.2493","01/05/2019 07:00:00",3.7,3.7,3.7,0.1,77.16,,17.0,,267.0,-0.2,0.0,,0.0,10.0,49.5,1028.9,"Light Rain",50.0826,8.2493,"50.0826,8.2493","50.0826,8.2493","","Partially cloudy"
"50.0826,8.2493","01/05/2019 08:00:00",3.8,3.8,3.8,0.2,77.42,,16.9,,275.0,0.0,0.0,,0.0,10.0,49.5,1028.6,"Light Rain",50.0826,8.2493,"50.0826,8.2493","50.0826,8.2493","","Partially cloudy"
"50.0826,8.2493","01/05/2019 09:00:00",4.7,4.7,4.7,1.0,76.79,,20.4,,274.0,0.6,0.0,,0.0,10.0,49.1,1028.2,"Light Rain",50.0826,8.2493,"50.0826,8.2493","50.0826,8.2493","","Partially cloudy"
"50.0826,8.2493","01/05/2019 10:00:00",5.7,5.7,5.7,1.3,73.19,,20.7,29.5,282.0,1.9,0.0,,0.0,10.0,49.1,1028.2,"Light Rain",50.0826,8.2493,"50.0826,8.2493","50.0826,8.2493","","Partially cloudy"
"50.0826,8.2493","01/05/2019 11:00:00",7.0,7.0,7.0,1.0,65.93,,20.5,,305.0,3.5,0.0,,0.0,10.0,49.1,1027.8,"",50.0826,8.2493,"50.0826,8.2493","50.0826,8.2493","","Partially cloudy"
"50.0826,8.2493","01/05/2019 12:00:00",8.0,8.0,8.0,0.3,58.28,,24.2,37.1,318.0,4.5,0.0,,0.0,10.0,49.1,1027.8,"",50.0826,8.2493,"50.0826,8.2493","50.0826,8.2493","","Partially cloudy"
"50.0826,8.2493","01/05/2019 13:00:00",8.1,8.1,8.1,0.2,57.69,,20.5,38.9,318.0,4.9,0.0,,0.0,10.0,49.1,1027.8,"",50.0826,8.2493,"50.0826,8.2493","50.0826,8.2493","","Partially cloudy"
"50.0826,8.2493","01/05/2019 14:00:00",7.9,7.9,7.9,0.4,59.28,,23.9,37.6,310.0,4.4,0.0,,0.0,10.0,49.1,1027.8,"",50.0826,8.2493,"50.0826,8.2493","50.0826,8.2493","","Partially cloudy"
"50.0826,8.2493","01/05/2019 15:00:00",7.9,7.9,7.9,0.4,58.87,,25.8,37.1,300.0,4.2,0.0,,0.0,10.0,49.1,1028.1,"Light Rain",50.0826,8.2493,"50.0826,8.2493","50.0826,8.2493","","Partially cloudy"
"50.0826,8.2493","01/05/2019 16:00:00",7.1,7.1,7.1,1.1,65.62,,22.1,31.7,318.0,3.5,0.0,,0.0,10.0,43.8,1028.5,"Light Rain",50.0826,8.2493,"50.0826,8.2493","50.0826,8.2493","","Partially cloudy"
"50.0826,8.2493","01/05/2019 17:00:00",7.1,7.1,7.1,0.4,62.84,,18.7,,318.0,3.8,0.0,,0.0,10.0,43.8,1028.9,"",50.0826,8.2493,"50.0826,8.2493","50.0826,8.2493","","Partially cloudy"
"50.0826,8.2493","01/05/2019 18:00:00",7.0,7.0,7.0,-0.7,57.94,,24.3,31.7,318.0,3.2,0.0,,0.0,10.0,49.1,1028.9,"",50.0826,8.2493,"50.0826,8.2493","50.0826,8.2493","","Partially cloudy"
"50.0826,8.2493","01/05/2019 19:00:00",6.9,6.9,6.9,-0.6,58.56,,21.1,,318.0,3.4,0.0,,0.0,10.0,49.1,1028.9,"",50.0826,8.2493,"50.0826,8.2493","50.0826,8.2493","","Partially cloudy"
"50.0826,8.2493","01/05/2019 20:00:00",6.9,6.9,6.9,0.1,61.94,,23.7,33.5,318.0,3.1,0.0,,0.0,10.0,49.1,1029.2,"",50.0826,8.2493,"50.0826,8.2493","50.0826,8.2493","","Partially cloudy"
"50.0826,8.2493","01/05/2019 21:00:00",6.8,6.8,6.8,0.0,61.8,,28.6,46.4,318.0,2.5,0.0,,0.0,10.0,49.1,1028.8,"Light Rain",50.0826,8.2493,"50.0826,8.2493","50.0826,8.2493","","Partially cloudy"
"50.0826,8.2493","01/05/2019 22:00:00",6.8,6.8,6.8,0.0,62.0,,23.5,35.3,327.0,2.9,0.0,,0.0,10.0,15.8,1028.4,"",50.0826,8.2493,"50.0826,8.2493","50.0826,8.2493","","Clear"
"50.0826,8.2493","01/05/2019 23:00:00",6.8,6.8,6.8,0.0,62.01,,24.0,42.7,329.0,2.9,0.0,,0.0,10.0,43.8,1028.7,"Light Rain",50.0826,8.2493,"50.0826,8.2493","50.0826,8.2493","","Partially cloudy"
"50.0826,8.2493","01/06/2019 00:00:00",6.8,6.8,6.8,0.4,63.74,,24.6,42.5,319.0,2.9,0.0,,0.0,10.0,49.1,1028.7,"",50.0826,8.2493,"50.0826,8.2493","50.0826,8.2493","","Partially cloudy"
"50.0826,8.2493","01/06/2019 01:00:00",6.2,6.2,6.2,0.9,68.8,,29.3,43.1,319.0,1.7,0.0,,0.0,10.0,49.1,1028.4,"",50.0826,8.2493,"50.0826,8.2493","50.0826,8.2493","","Partially cloudy"
"50.0826,8.2493","01/06/2019 02:00:00",6.8,6.8,6.8,0.3,63.31,,22.2,42.5,319.0,3.1,0.0,,0.0,10.0,49.1,1029.1,"",50.0826,8.2493,"50.0826,8.2493","50.0826,8.2493","","Partially cloudy"
"50.0826,8.2493","01/06/2019 03:00:00",6.2,6.2,6.2,0.3,65.91,,25.4,37.1,318.0,2.1,0.0,,0.0,10.0,49.1,1029.4,"",50.0826,8.2493,"50.0826,8.2493","50.0826,8.2493","","Partially cloudy"
"50.0826,8.2493","01/06/2019 04:00:00",6.2,6.2,6.2,0.2,65.48,,20.7,29.5,299.0,2.5,0.0,,0.0,10.0,49.1,1030.1,"",50.0826,8.2493,"50.0826,8.2493","50.0826,8.2493","","Partially cloudy"
"50.0826,8.2493","01/06/2019 05:00:00",6.0,6.0,6.0,0.1,65.87,,25.3,,318.0,1.8,0.0,,0.0,10.0,49.1,1029.1,"",50.0826,8.2493,"50.0826,8.2493","50.0826,8.2493","","Partially cloudy"
"50.0826,8.2493","01/06/2019 06:00:00",5.9,5.9,5.9,0.3,66.96,,20.6,35.3,319.0,2.2,0.0,,0.0,10.0,49.1,1029.1,"",50.0826,8.2493,"50.0826,8.2493","50.0826,8.2493","","Partially cloudy"
"50.0826,8.2493","01/06/2019 07:00:00",5.8,5.8,5.8,0.4,68.07,,20.6,37.1,309.0,2.0,0.0,,0.0,10.0,49.1,1029.5,"",50.0826,8.2493,"50.0826,8.2493","50.0826,8.2493","","Partially cloudy"
"50.0826,8.2493","01/06/2019 08:00:00",5.9,5.9,5.9,0.3,67.15,,16.8,,300.0,2.6,0.0,,0.0,10.0,49.1,1030.1,"",50.0826,8.2493,"50.0826,8.2493","50.0826,8.2493","","Partially cloudy"
"50.0826,8.2493","01/06/2019 09:00:00",5.9,5.9,5.9,0.3,67.15,,12.0,33.5,310.0,3.4,0.0,,0.0,10.0,49.1,1030.5,"",50.0826,8.2493,"50.0826,8.2493","50.0826,8.2493","","Partially cloudy"
"50.0826,8.2493","01/06/2019 10:00:00",6.1,6.1,6.1,0.2,65.92,,11.7,,263.0,3.7,0.0,,0.0,10.0,49.1,1031.2,"Light Rain",50.0826,8.2493,"50.0826,8.2493","50.0826,8.2493","","Partially cloudy"
"50.0826,8.2493","01/06/2019 11:00:00",6.8,6.8,6.8,0.3,63.31,,16.8,51.8,318.0,3.7,0.0,,0.0,10.0,49.1,1031.4,"Light Rain",50.0826,8.2493,"50.0826,8.2493","50.0826,8.2493","","Partially cloudy"
"50.0826,8.2493","01/06/2019 12:00:00",6.9,6.9,6.9,0.4,63.12,,16.8,29.5,328.0,3.9,0.0,,0.0,10.0,15.8,1030.8,"",50.0826,8.2493,"50.0826,8.2493","50.0826,8.2493","","Clear"
"50.0826,8.2493","01/06/2019 13:00:00",6.9,6.9,6.9,-0.6,59.03,,22.0,35.3,337.0,3.3,0.0,,0.0,10.0,16.6,1030.8,"",50.0826,8.2493,"50.0826,8.2493","50.0826,8.2493","","Clear"
"50.0826,8.2493","01/06/2019 14:00:00",6.8,6.8,6.8,0.4,63.54,,16.3,35.3,328.0,3.8,0.0,,0.0,10.0,49.9,1031.1,"",50.0826,8.2493,"50.0826,8.2493","50.0826,8.2493","","Partially cloudy"
"50.0826,8.2493","01/06/2019 15:00:00",6.8,6.8,6.8,1.0,66.52,,16.3,31.7,330.0,3.8,0.0,,0.0,10.0,49.9,1031.8,"",50.0826,8.2493,"50.0826,8.2493","50.0826,8.2493","","Partially cloudy"
"50.0826,8.2493","01/06/2019 16:00:00",6.1,6.1,6.1,0.9,69.25,,12.8,,307.0,3.5,0.0,,0.0,10.0,27.7,1032.2,"",50.0826,8.2493,"50.0826,8.2493","50.0826,8.2493","","Partially cloudy"
"50.0826,8.2493","01/06/2019 17:00:00",6.0,6.0,6.0,0.4,67.18,,14.3,,314.0,3.1,0.0,,0.0,10.0,49.9,1032.5,"",50.0826,8.2493,"50.0826,8.2493","50.0826,8.2493","","Partially cloudy"
"50.0826,8.2493","01/06/2019 18:00:00",6.0,6.0,6.0,0.1,66.02,,14.6,,316.0,3.1,0.0,,0.0,10.0,49.9,1032.5,"",50.0826,8.2493,"50.0826,8.2493","50.0826,8.2493","","Partially cloudy"
"50.0826,8.2493","01/06/2019 19:00:00",6.0,6.0,6.0,0.1,66.02,,12.8,,306.0,3.3,0.0,,0.0,10.0,49.9,1032.5,"",50.0826,8.2493,"50.0826,8.2493","50.0826,8.2493","","Partially cloudy"
"50.0826,8.2493","01/06/2019 20:00:00",5.9,5.9,5.9,0.0,66.0,,11.5,,290.0,3.5,0.0,,0.0,10.0,49.1,1032.9,"",50.0826,8.2493,"50.0826,8.2493","50.0826,8.2493","","Partially cloudy"
"50.0826,8.2493","01/06/2019 21:00:00",5.8,5.8,5.8,-0.6,63.46,,9.8,,280.0,3.7,0.0,,0.0,10.0,24.3,1033.2,"",50.0826,8.2493,"50.0826,8.2493","50.0826,8.2493","","Clear"
"50.0826,8.2493","01/06/2019 22:00:00",5.8,5.8,5.8,-0.7,63.07,,13.4,,308.0,3.0,0.0,,0.0,10.0,41.2,1033.5,"Precipitation In Vicinity",50.0826,8.2493,"50.0826,8.2493","50.0826,8.2493","","Partially cloudy"
"50.0826,8.2493","01/06/2019 23:00:00",5.2,5.2,5.2,-0.1,68.59,,11.6,,317.0,2.6,0.0,,0.0,10.0,43.8,1033.5,"Precipitation In Vicinity",50.0826,8.2493,"50.0826,8.2493","50.0826,8.2493","","Partially cloudy"
"50.0826,8.2493","01/07/2019 00:00:00",5.8,5.8,5.8,0.0,66.66,,12.9,,316.0,3.0,0.0,,0.0,10.0,49.1,1033.5,"Precipitation In Vicinity",50.0826,8.2493,"50.0826,8.2493","50.0826,8.2493","","Partially cloudy"
"50.0826,8.2493","01/07/2019 01:00:00",5.1,5.1,5.1,0.0,69.67,,9.4,,307.0,2.9,0.0,,0.0,10.0,43.8,1033.5,"Light Rain",50.0826,8.2493,"50.0826,8.2493","50.0826,8.2493","","Partially cloudy"
"50.0826,8.2493","01/07/2019 02:00:00",5.1,5.1,5.1,0.0,69.56,,10.9,,316.0,2.7,0.0,,0.0,10.0,43.8,1033.5,"Rain Showers",50.0826,8.2493,"50.0826,8.2493","50.0826,8.2493","","Partially cloudy"
"50.0826,8.2493","01/07/2019 03:00:00",5.1,5.1,5.1,-0.6,66.65,,11.0,,315.0,2.6,0.0,,0.0,10.0,43.8,1033.9,"Precipitation In Vicinity",50.0826,8.2493,"50.0826,8.2493","50.0826,8.2493","","Partially cloudy"
"50.0826,8.2493","01/07/2019 04:00:00",5.1,5.1,5.1,0.0,69.32,,9.6,,296.0,2.9,0.0,,0.0,10.0,43.8,1033.9,"",50.0826,8.2493,"50.0826,8.2493","50.0826,8.2493","","Partially cloudy"
"50.0826,8.2493","01/07/2019 05:00:00",5.1,5.1,5.1,-0.6,66.89,,11.3,,288.0,2.5,0.0,,0.0,10.0,13.2,1033.2,"",50.0826,8.2493,"50.0826,8.2493","50.0826,8.2493","","Clear"
"50.0826,8.2493","01/07/2019 06:00:00",5.1,5.1,5.1,-0.7,66.27,,9.5,,306.0,2.8,0.0,,0.0,10.0,46.5,1033.2,"",50.0826,8.2493,"50.0826,8.2493","50.0826,8.2493","","Partially cloudy"
"50.0826,8.2493","01/07/2019 07:00:00",5.0,5.0,5.0,-0.8,66.26,,9.4,,287.0,2.8,0.0,,0.0,10.0,13.2,1033.2,"",50.0826,8.2493,"50.0826,8.2493","50.0826,8.2493","","Clear"
"50.0826,8.2493","01/07/2019 08:00:00",4.9,4.9,4.9,-1.0,65.77,,7.8,,299.0,3.1,0.0,,0.0,10.0,46.5,1033.6,"",50.0826,8.2493,"50.0826,8.2493","50.0826,8.2493","","Partially cloudy"
"50.0826,8.2493","01/07/2019 09:00:00",4.9,4.9,4.9,-1.6,62.65,,9.8,,307.0,2.6,0.0,,0.0,10.0,13.2,1033.6,"",50.0826,8.2493,"50.0826,8.2493","50.0826,8.2493","","Clear"
"50.0826,8.2493","01/07/2019 10:00:00",5.1,5.1,5.1,-1.6,61.84,,8.3,,317.0,3.2,0.0,,0.0,10.0,46.5,1034.0,"",50.0826,8.2493,"50.0826,8.2493","50.0826,8.2493","","Partially cloudy"
"50.0826,8.2493","01/07/2019 11:00:00",5.1,5.1,5.1,-1.1,64.19,,8.2,,299.0,3.2,0.0,,0.0,10.0,46.5,1034.0,"",50.0826,8.2493,"50.0826,8.2493","50.0826,8.2493","","Partially cloudy"
"50.0826,8.2493","01/07/2019 12:00:00",5.8,5.8,5.8,-1.7,58.42,,11.3,,287.0,3.4,0.0,,0.0,10.0,46.5,1033.5,"",50.0826,8.2493,"50.0826,8.2493","50.0826,8.2493","","Partially cloudy"
"50.0826,8.2493","01/07/2019 13:00:00",6.1,6.1,6.1,-1.1,60.03,,14.8,,267.0,3.1,0.0,,0.0,10.0,45.9,1032.9,"",50.0826,8.2493,"50.0826,8.2493","50.0826,8.2493","","Partially cloudy"
"50.0826,8.2493","01/07/2019 14:00:00",6.9,6.9,6.9,-2.6,50.6,,11.7,,247.0,4.6,0.0,,0.0,10.0,40.4,1031.8,"",50.0826,8.2493,"50.0826,8.2493","50.0826,8.2493","","Partially cloudy"
"50.0826,8.2493","01/07/2019 15:00:00",6.9,6.9,6.9,-2.8,49.9,,13.2,,267.0,4.4,0.0,,0.0,10.0,46.5,1031.5,"",50.0826,8.2493,"50.0826,8.2493","50.0826,8.2493","","Partially cloudy"
"50.0826,8.2493","01/07/2019 16:00:00",6.8,6.8,6.8,-3.0,49.58,,11.7,,247.0,4.5,0.2,,0.0,10.0,49.1,1031.5,"",50.0826,8.2493,"50.0826,8.2493","50.0826,8.2493","","Rain, Partially cloudy"
"50.0826,8.2493","01/07/2019 17:00:00",5.8,5.8,5.8,-1.9,57.67,,14.7,,247.0,2.8,0.0,,0.0,10.0,15.8,1031.2,"",50.0826,8.2493,"50.0826,8.2493","50.0826,8.2493","","Clear"
"50.0826,8.2493","01/07/2019 18:00:00",5.8,5.8,5.8,-1.6,58.84,,16.5,,247.0,2.5,0.0,,0.0,10.0,51.9,1030.1,"",50.0826,8.2493,"50.0826,8.2493","50.0826,8.2493","","Partially cloudy"
"50.0826,8.2493","01/07/2019 19:00:00",5.2,5.2,5.2,-0.7,65.99,,15.2,,238.0,2.0,0.0,,0.0,10.0,49.1,1029.5,"Light Rain",50.0826,8.2493,"50.0826,8.2493","50.0826,8.2493","","Partially cloudy"
"50.0826,8.2493","01/07/2019 20:00:00",4.8,4.8,4.8,0.0,71.01,,13.4,,246.0,1.7,0.0,,0.0,10.0,27.3,1029.2,"Light Rain",50.0826,8.2493,"50.0826,8.2493","50.0826,8.2493","","Partially cloudy"
"50.0826,8.2493","01/07/2019 21:00:00",4.2,4.2,4.2,0.1,74.77,,18.6,,237.0,0.2,0.0,,0.0,9.8,46.6,1027.9,"Light Rain",50.0826,8.2493,"50.0826,8.2493","50.0826,8.2493","","Partially cloudy"
"50.0826,8.2493","01/07/2019 22:00:00",4.1,4.1,4.1,0.3,76.42,,15.6,,228.0,0.5,0.2,,0.0,9.8,50.3,1026.8,"Light Rain",50.0826,8.2493,"50.0826,8.2493","50.0826,8.2493","","Rain, Partially cloudy"
"50.0826,8.2493","01/07/2019 23:00:00",4.1,4.1,4.1,0.4,76.43,,17.3,,237.0,0.4,0.5,,0.0,9.8,50.3,1025.5,"Light Rain",50.0826,8.2493,"50.0826,8.2493","50.0826,8.2493","","Rain, Partially cloudy"
"50.0826,8.2493","01/08/2019 00:00:00",4.1,4.1,4.1,1.0,80.0,,15.6,,237.0,0.6,0.2,,0.0,8.7,50.3,1024.1,"Rain, Light Rain",50.0826,8.2493,"50.0826,8.2493","50.0826,8.2493","","Rain, Partially cloudy"
"50.0826,8.2493","01/08/2019 01:00:00",4.8,4.8,4.8,1.2,77.61,,20.8,,247.0,0.7,0.5,,0.0,9.9,51.5,1022.3,"Light Rain",50.0826,8.2493,"50.0826,8.2493","50.0826,8.2493","","Rain, Partially cloudy"
"50.0826,8.2493","01/08/2019 02:00:00",5.0,5.0,5.0,1.4,77.37,,22.7,,237.0,0.8,0.0,,0.0,9.8,51.5,1020.6,"Light Rain",50.0826,8.2493,"50.0826,8.2493","50.0826,8.2493","","Partially cloudy"
"50.0826,8.2493","01/08/2019 03:00:00",5.7,5.7,5.7,2.1,77.48,,24.4,,247.0,1.5,0.5,,0.0,9.8,49.5,1019.6,"Light Rain",50.0826,8.2493,"50.0826,8.2493","50.0826,8.2493","","Rain, Partially cloudy"
"50.0826,8.2493","01/08/2019 04:00:00",5.7,5.7,5.7,2.2,78.2,,21.3,,248.0,1.9,0.2,,0.0,9.9,26.9,1018.6,"Light Rain",50.0826,8.2493,"50.0826,8.2493","50.0826,8.2493","","Rain, Partially cloudy"
"50.0826,8.2493","01/08/2019 05:00:00",5.9,5.9,5.9,2.4,78.05,,13.4,,261.0,3.1,1.2,,0.0,10.0,15.8,1017.9,"Light Rain",50.0826,8.2493,"50.0826,8.2493","50.0826,8.2493","","Rain"
"50.0826,8.2493","01/08/2019 06:00:00",6.1,6.1,6.1,2.1,75.4,,11.1,,266.0,3.8,0.0,,0.0,10.0,43.8,1017.6,"",50.0826,8.2493,"50.0826,8.2493","50.0826,8.2493","","Partially cloudy"
"50.0826,8.2493","01/08/2019 07:00:00",6.1,6.1,6.1,0.4,66.51,,16.6,,268.0,3.0,0.0,,0.0,10.0,26.9,1017.2,"",50.0826,8.2493,"50.0826,8.2493","50.0826,8.2493","","Partially cloudy"
"50.0826,8.2493","01/08/2019 08:00:00",6.1,6.1,6.1,0.3,66.49,,22.3,,268.0,2.1,0.0,,0.0,10.0,26.9,1017.0,"Rain Showers",50.0826,8.2493,"50.0826,8.2493","50.0826,8.2493","","Partially cloudy"
"50.0826,8.2493","01/08/2019 09:00:00",6.0,6.0,6.0,0.3,66.77,,24.3,,258.0,1.9,0.0,,0.0,10.0,27.7,1016.3,"Rain Showers",50.0826,8.2493,"50.0826,8.2493","50.0826,8.2493","","Partially cloudy"
"50.0826,8.2493","01/08/2019 10:00:00",6.1,6.1,6.1,0.2,65.96,,24.6,33.5,267.0,2.0,0.0,,0.0,10.0,16.6,1015.9,"Rain Showers, Light Rain",50.0826,8.2493,"50.0826,8.2493","50.0826,8.2493","","Clear"
"50.0826,8.2493","01/08/2019 11:00:00",5.2,5.2,5.2,0.2,70.2,,23.1,,268.0,1.0,0.2,,0.0,10.0,44.6,1016.3,"Rain Showers, Light Rain",50.0826,8.2493,"50.0826,8.2493","50.0826,8.2493","","Rain, Partially cloudy"
"50.0826,8.2493","01/08/2019 12:00:00",5.2,5.2,5.2,1.2,75.01,,22.4,,258.0,1.1,0.2,,0.0,10.0,44.6,1015.3,"Rain Showers, Light Rain",50.0826,8.2493,"50.0826,8.2493","50.0826,8.2493","","Rain, Partially cloudy"
"50.0826,8.2493","01/08/2019 13:00:00",5.1,5.1,5.1,1.1,75.45,,17.5,,277.0,1.5,0.2,,0.0,10.0,44.6,1014.9,"Rain Showers, Light Rain",50.0826,8.2493,"50.0826,8.2493","50.0826,8.2493","","Rain, Partially cloudy"
"50.0826,8.2493","01/08/2019 14:00:00",5.8,5.8,5.8,1.3,72.65,,22.8,,258.0,1.8,0.0,,0.0,10.0,43.8,1013.8,"Rain Showers, Light Rain",50.0826,8.2493,"50.0826,8.2493","50.0826,8.2493","","Partially cloudy"
"50.0826,8.2493","01/08/2019 15:00:00",6.1,6.1,6.1,1.0,69.37,,22.5,46.4,288.0,2.3,0.0,,0.0,9.9,43.8,1013.2,"Rain Showers, Light Rain",50.0826,8.2493,"50.0826,8.2493","50.0826,8.2493","","Partially cloudy"
"50.0826,8.2493","01/08/2019 16:00:00",4.8,4.8,4.8,0.0,71.08,,17.4,,251.0,1.2,0.5,,0.0,10.0,26.9,1013.9,"Precipitation In Vicinity",50.0826,8.2493,"50.0826,8.2493","50.0826,8.2493","","Rain, Partially cloudy"
"50.0826,8.2493","01/08/2019 17:00:00",5.8,5.8,5.8,0.1,66.69,,24.5,40.7,288.0,1.6,0.0,,0.0,10.0,43.8,1014.2,"Precipitation In Vicinity",50.0826,8.2493,"50.0826,8.2493","50.0826,8.2493","","Partially cloudy"
"50.0826,8.2493","01/08/2019 18:00:00",5.2,5.2,5.2,0.1,69.31,,17.5,35.3,283.0,1.7,0.2,,0.0,10.0,43.8,1014.5,"Precipitation In Vicinity, Light Rain",50.0826,8.2493,"50.0826,8.2493","50.0826,8.2493","","Rain, Partially cloudy"
"50.0826,8.2493","01/08/2019 19:00:00",5.1,5.1,5.1,-0.8,65.86,,16.2,31.3,298.0,1.7,0.0,,0.0,10.0,42.0,1014.5,"",50.0826,8.2493,"50.0826,8.2493","50.0826,8.2493","","Partially cloudy"
"50.0826,8.2493","01/08/2019 20:00:00",5.8,5.8,5.8,-0.9,61.87,,24.7,35.3,283.0,1.6,0.0,,0.0,10.0,49.1,1014.2,"Rain Showers",50.0826,8.2493,"50.0826,8.2493","50.0826,8.2493","","Partially cloudy"
"50.0826,8.2493","01/08/2019 21:00:00",5.0,5.0,5.0,-0.8,65.95,,19.3,31.7,306.0,1.2,0.2,,0.0,10.0,25.2,1014.5,"Rain",50.0826,8.2493,"50.0826,8.2493","50.0826,8.2493","","Rain, Partially cloudy"
"50.0826,8.2493","01/08/2019 22:00:00",4.8,4.8,4.8,-0.9,66.75,,17.2,,288.0,1.2,0.2,,0.0,10.0,27.7,1013.8,"Rain Showers",50.0826,8.2493,"50.0826,8.2493","50.0826,8.2493","","Rain, Partially cloudy"
"50.0826,8.2493","01/08/2019 23:00:00",4.9,4.9,4.9,-2.0,60.92,,29.1,46.4,316.0,0.0,0.0,,0.0,10.0,30.2,1013.9,"Rain Showers",50.0826,8.2493,"50.0826,8.2493","50.0826,8.2493","","Partially cloudy"
"50.0826,8.2493","01/09/2019 00:00:00",4.8,4.8,4.8,-2.0,61.53,,22.4,44.4,316.0,0.6,0.0,,0.0,10.0,30.2,1013.9,"Rain Showers, Light Rain",50.0826,8.2493,"50.0826,8.2493","50.0826,8.2493","","Partially cloudy"
"50.0826,8.2493","01/09/2019 01:00:00",4.8,4.8,4.8,-1.8,62.35,,23.8,50.0,317.0,0.4,0.0,,0.0,10.0,26.9,1013.2,"Light Rain",50.0826,8.2493,"50.0826,8.2493","50.0826,8.2493","","Partially cloudy"
"50.0826,8.2493","01/09/2019 02:00:00",4.1,4.1,4.1,-1.6,66.57,,23.3,40.7,319.0,-0.5,0.0,,0.0,10.0,44.6,1013.2,"Rain Showers, Light Rain",50.0826,8.2493,"50.0826,8.2493","50.0826,8.2493","","Partially cloudy"
"50.0826,8.2493","01/09/2019 03:00:00",4.0,4.0,4.0,-1.7,66.19,,28.2,42.5,315.0,-1.1,0.0,,0.0,10.0,4.7,1013.2,"Rain Showers",50.0826,8.2493,"50.0826,8.2493","50.0826,8.2493","","Clear"
"50.0826,8.2493","01/09/2019 04:00:00",4.1,4.1,4.1,-2.0,64.89,,27.1,47.4,318.0,-0.9,0.0,,0.0,10.0,15.8,1013.3,"Rain Showers, Light Rain",50.0826,8.2493,"50.0826,8.2493","50.0826,8.2493","","Clear"
"50.0826,8.2493","01/09/2019 05:00:00",3.0,3.0,3.0,-1.7,70.94,,13.6,,5.0,-0.4,0.5,,0.0,10.0,14.1,1014.0,"Light Rain",50.0826,8.2493,"50.0826,8.2493","50.0826,8.2493","","Rain"
"50.0826,8.2493","01/09/2019 06:00:00",1.9,1.9,1.9,-2.0,75.21,,8.4,,310.0,-0.6,1.5,,0.0,10.0,38.1,1013.6,"Light Rain",50.0826,8.2493,"50.0826,8.2493","50.0826,8.2493","","Rain, Partially cloudy"
"50.0826,8.2493","01/09/2019 07:00:00",3.0,3.0,3.0,-2.7,66.1,,25.1,38.9,328.0,-2.0,0.0,,0.0,10.0,38.1,1013.3,"Light Rain",50.0826,8.2493,"50.0826,8.2493","50.0826,8.2493","","Partially cloudy"
"50.0826,8.2493","01/09/2019 08:00:00",2.9,2.9,2.9,-3.9,61.06,,23.9,35.3,338.0,-2.0,0.2,,0.0,10.0,47.4,1013.3,"",50.0826,8.2493,"50.0826,8.2493","50.0826,8.2493","","Rain, Partially cloudy"
"50.0826,8.2493","01/09/2019 09:00:00",2.8,2.8,2.8,-4.0,60.69,,18.3,37.1,328.0,-1.5,0.0,,0.0,10.0,43.8,1014.0,"",50.0826,8.2493,"50.0826,8.2493","50.0826,8.2493","","Partially cloudy"
"50.0826,8.2493","01/09/2019 10:00:00",3.2,3.2,3.2,-3.7,60.5,,26.9,44.6,328.0,-2.0,0.0,,0.0,10.0,42.0,1014.3,"",50.0826,8.2493,"50.0826,8.2493","50.0826,8.2493","","Partially cloudy"
"50.0826,8.2493","01/09/2019 11:00:00",3.2,3.2,3.2,-3.6,60.79,,22.3,,329.0,-1.4,0.0,,0.0,10.0,14.1,1015.0,"Light Rain",50.0826,8.2493,"50.0826,8.2493","50.0826,8.2493","","Clear"
"50.0826,8.2493","01/09/2019 12:00:00",4.1,4.1,4.1,-4.0,55.62,,22.3,37.1,347.0,-0.4,0.0,,0.0,10.0,29.3,1015.3,"",50.0826,8.2493,"50.0826,8.2493","50.0826,8.2493","","Partially cloudy"
"50.0826,8.2493","01/09/2019 13:00:00",3.3,3.3,3.3,-4.0,59.05,,18.7,37.1,347.0,-0.9,0.0,,0.0,10.0,15.8,1015.3,"Light Rain",50.0826,8.2493,"50.0826,8.2493","50.0826,8.2493","","Clear"
"50.0826,8.2493","01/09/2019 14:00:00",4.1,4.1,4.1,-6.7,45.26,,17.1,,358.0,0.3,0.0,,0.0,10.0,43.8,1015.7,"Precipitation In Vicinity",50.0826,8.2493,"50.0826,8.2493","50.0826,8.2493","","Partially cloudy"
"50.0826,8.2493","01/09/2019 15:00:00",3.8,3.8,3.8,-5.8,49.52,,20.8,31.7,350.0,-0.5,0.0,,0.0,10.0,43.8,1015.7,"Light Rain",50.0826,8.2493,"50.0826,8.2493","50.0826,8.2493","","Partially cloudy"
"50.0826,8.2493","01/09/2019 16:00:00",3.8,3.8,3.8,-5.8,49.54,,14.8,,340.0,0.3,0.0,,0.0,10.0,43.8,1016.3,"Rain Showers",50.0826,8.2493,"50.0826,8.2493","50.0826,8.2493","","Partially cloudy"
"50.0826,8.2493","01/09/2019 17:00:00",3.2,3.2,3.2,-6.0,50.97,,17.2,,359.0,-0.8,0.0,,0.0,10.0,42.0,1016.7,"Precipitation In Vicinity",50.0826,8.2493,"50.0826,8.2493","50.0826,8.2493","","Partially cloudy"
"50.0826,8.2493","01/09/2019 18:00:00",3.0,3.0,3.0,-5.0,55.53,,15.1,,9.0,-0.7,0.0,,0.0,10.0,42.0,1017.5,"",50.0826,8.2493,"50.0826,8.2493","50.0826,8.2493","","Partially cloudy"
"50.0826,8.2493","01/09/2019 19:00:00",2.2,2.2,2.2,-4.9,59.43,,18.5,,359.0,-2.2,0.0,,0.0,10.0,13.2,1017.8,"Light Rain",50.0826,8.2493,"50.0826,8.2493","50.0826,8.2493","","Clear"
"50.0826,8.2493","01/09/2019 20:00:00",2.2,2.2,2.2,-5.8,55.41,,20.3,,360.0,-2.5,0.0,,0.0,10.0,49.1,1018.5,"",50.0826,8.2493,"50.0826,8.2493","50.0826,8.2493","","Partially cloudy"
"50.0826,8.2493","01/09/2019 21:00:00",2.2,2.2,2.2,-6.0,54.51,,18.5,27.7,351.0,-2.2,0.0,,0.0,10.0,49.9,1018.9,"",50.0826,8.2493,"50.0826,8.2493","50.0826,8.2493","","Partially cloudy"
"50.0826,8.2493","01/09/2019 22:00:00",1.9,1.9,1.9,-5.0,59.84,,14.9,,340.0,-2.0,0.0,,0.0,10.0,49.1,1019.5,"",50.0826,8.2493,"50.0826,8.2493","50.0826,8.2493","","Partially cloudy"
"50.0826,8.2493","01/09/2019 23:00:00",2.1,2.1,2.1,-5.7,56.11,,13.4,,9.0,-1.5,0.0,,0.0,10.0,48.2,1019.8,"",50.0826,8.2493,"50.0826,8.2493","50.0826,8.2493","","Partially cloudy"
"50.0826,8.2493","01/10/2019 00:00:00",2.1,2.1,2.1,-5.6,56.52,,13.6,,18.0,-1.5,0.0,,0.0,10.0,51.1,1020.5,"",50.0826,8.2493,"50.0826,8.2493","50.0826,8.2493","","Partially cloudy"
"50.0826,8.2493","01/10/2019 01:00:00",2.1,2.1,2.1,-5.6,56.52,,11.6,,9.0,-1.1,0.0,,0.0,10.0,43.8,1020.5,"",50.0826,8.2493,"50.0826,8.2493","50.0826,8.2493","","Partially cloudy"
"50.0826,8.2493","01/10/2019 02:00:00",2.1,2.1,2.1,-5.6,56.43,,13.4,,360.0,-1.5,0.0,,0.0,10.0,44.2,1021.5,"",50.0826,8.2493,"50.0826,8.2493","50.0826,8.2493","","Partially cloudy"
"50.0826,8.2493","01/10/2019 03:00:00",2.1,2.1,2.1,-5.6,56.84,,11.8,,9.0,-1.2,0.0,,0.0,10.0,17.8,1021.8,"",50.0826,8.2493,"50.0826,8.2493","50.0826,8.2493","","Clear"
"50.0826,8.2493","01/10/2019 04:00:00",2.0,2.0,2.0,-5.0,59.96,,6.0,,8.0,0.3,0.0,,0.0,10.0,15.8,1022.5,"",50.0826,8.2493,"50.0826,8.2493","50.0826,8.2493","","Clear"
"50.0826,8.2493","01/10/2019 05:00:00",2.0,2.0,2.0,-5.0,60.05,,1.3,,360.0,,0.0,,0.0,10.0,26.9,1022.5,"",50.0826,8.2493,"50.0826,8.2493","50.0826,8.2493","","Partially cloudy"
"50.0826,8.2493","01/10/2019 06:00:00",1.9,1.9,1.9,-5.0,60.01,,1.1,,2.0,,0.0,,0.0,10.0,47.4,1022.5,"",50.0826,8.2493,"50.0826,8.2493","50.0826,8.2493","","Partially cloudy"
"50.0826,8.2493","01/10/2019 07:00:00",1.7,1.7,1.7,-5.0,61.08,,6.0,,11.0,-0.1,0.0,,0.0,10.0,47.4,1022.9,"",50.0826,8.2493,"50.0826,8.2493","50.0826,8.2493","","Partially cloudy"
"50.0826,8.2493","01/10/2019 08:00:00",1.1,1.1,1.1,-5.6,61.29,,0.8,,1.0,,0.0,,0.0,10.0,5.5,1023.6,"",50.0826,8.2493,"50.0826,8.2493","50.0826,8.2493","","Clear"
"50.0826,8.2493","01/10/2019 09:00:00",1.2,1.2,1.2,-5.1,62.97,,8.0,,342.0,-1.3,0.0,,0.0,10.0,4.7,1024.3,"",50.0826,8.2493,"50.0826,8.2493","50.0826,8.2493","","Clear"
"50.0826,8.2493","01/10/2019 10:00:00",2.0,2.0,2.0,-5.1,59.49,,9.8,,351.0,-0.9,0.0,,0.0,10.0,5.5,1025.0,"",50.0826,8.2493,"50.0826,8.2493","50.0826,8.2493","","Clear"
"50.0826,8.2493","01/10/2019 11:00:00",2.1,2.1,2.1,-5.1,58.69,,11.6,,343.0,-1.1,0.0,,0.0,10.0,45.8,1025.3,"",50.0826,8.2493,"50.0826,8.2493","50.0826,8.2493","","Partially cloudy"
"50.0826,8.2493","01/10/2019 12:00:00",2.8,2.8,2.8,-4.9,56.93,,9.9,,343.0,0.1,0.0,,0.0,10.0,43.8,1025.2,"",50.0826,8.2493,"50.0826,8.2493","50.0826,8.2493","","Partially cloudy"
"50.0826,8.2493","01/10/2019 13:00:00",2.8,2.8,2.8,-5.6,53.83,,8.4,,352.0,0.5,0.0,,0.0,10.0,49.1,1025.2,"",50.0826,8.2493,"50.0826,8.2493","50.0826,8.2493","","Partially cloudy"
"50.0826,8.2493","01/10/2019 14:00:00",2.8,2.8,2.8,-5.8,52.96,,13.4,,344.0,-0.7,0.0,,0.0,10.0,49.1,1025.2,"",50.0826,8.2493,"50.0826,8.2493","50.0826,8.2493","","Partially cloudy"
"50.0826,8.2493","01/10/2019 15:00:00",2.8,2.8,2.8,-6.9,48.83,,11.5,,342.0,-0.3,0.0,,0.0,10.0,43.8,1025.2,"",50.0826,8.2493,"50.0826,8.2493","50.0826,8.2493","","Partially cloudy"
"50.0826,8.2493","01/10/2019 16:00:00",2.1,2.1,2.1,-7.8,48.2,,8.2,,360.0,-0.4,0.0,,0.0,10.0,49.1,1026.0,"",50.0826,8.2493,"50.0826,8.2493","50.0826,8.2493","","Partially cloudy"
"50.0826,8.2493","01/10/2019 17:00:00",1.8,1.8,1.8,-7.8,48.88,,6.3,,38.0,0.0,0.0,,0.0,10.0,49.1,1026.3,"",50.0826,8.2493,"50.0826,8.2493","50.0826,8.2493","","Partially cloudy"
"50.0826,8.2493","01/10/2019 18:00:00",1.0,1.0,1.0,-7.8,51.79,,11.2,,57.0,-2.4,0.0,,0.0,10.0,49.4,1026.7,"",50.0826,8.2493,"50.0826,8.2493","50.0826,8.2493","","Partially cloudy"
"50.0826,8.2493","01/10/2019 19:00:00",0.7,0.7,0.7,-7.8,53.02,,9.4,,57.0,-2.3,0.0,,0.0,10.0,41.2,1026.7,"",50.0826,8.2493,"50.0826,8.2493","50.0826,8.2493","","Partially cloudy"
"50.0826,8.2493","01/10/2019 20:00:00",0.0,0.0,0.0,-7.8,56.03,,0.2,,0.0,,0.0,,0.0,10.0,3.0,1027.1,"",50.0826,8.2493,"50.0826,8.2493","50.0826,8.2493","","Clear"
"50.0826,8.2493","01/10/2019 21:00:00",-0.9,-0.9,-0.9,-6.1,67.52,,0.3,,0.0,,0.0,,0.0,10.0,2.1,1027.1,"",50.0826,8.2493,"50.0826,8.2493","50.0826,8.2493","","Clear"
"50.0826,8.2493","01/10/2019 22:00:00",-0.3,-0.3,-0.3,-5.9,65.76,,0.3,,341.0,,0.0,,0.0,10.0,28.5,1027.4,"",50.0826,8.2493,"50.0826,8.2493","50.0826,8.2493","","Partially cloudy"
"50.0826,8.2493","01/10/2019 23:00:00",-0.2,-0.2,-0.2,-5.8,65.8,,0.2,,349.0,,0.0,,0.0,10.0,52.9,1027.4,"",50.0826,8.2493,"50.0826,8.2493","50.0826,8.2493","","Partially cloudy"
"50.0826,8.2493","01/11/2019 00:00:00",-0.9,-0.9,-0.9,-5.0,73.38,,5.3,,246.0,-2.7,0.0,,0.0,10.0,44.1,1027.1,"",50.0826,8.2493,"50.0826,8.2493","50.0826,8.2493","","Partially cloudy"
"50.0826,8.2493","01/11/2019 01:00:00",-0.3,-0.3,-0.3,-6.6,62.7,,0.2,,346.0,,0.0,,0.0,10.0,29.3,1027.1,"",50.0826,8.2493,"50.0826,8.2493","50.0826,8.2493","","Partially cloudy"
"50.0826,8.2493","01/11/2019 02:00:00",-0.3,-0.3,-0.3,-5.1,69.93,,0.4,,340.0,,0.0,,0.0,10.0,3.0,1027.1,"",50.0826,8.2493,"50.0826,8.2493","50.0826,8.2493","","Clear"
"50.0826,8.2493","01/11/2019 03:00:00",-0.2,-0.2,-0.2,-4.8,70.72,,0.3,,349.0,,0.0,,0.0,10.0,4.7,1026.7,"",50.0826,8.2493,"50.0826,8.2493","50.0826,8.2493","","Clear"
"50.0826,8.2493","01/11/2019 04:00:00",0.0,0.0,0.0,-4.2,73.84,,0.3,,345.0,,0.0,,0.0,10.0,30.4,1026.7,"Light Snow",50.0826,8.2493,"50.0826,8.2493","50.0826,8.2493","","Partially cloudy"
"50.0826,8.2493","01/11/2019 05:00:00",0.0,0.0,0.0,-3.9,75.03,,0.6,,335.0,,0.0,,0.0,10.0,15.8,1026.4,"",50.0826,8.2493,"50.0826,8.2493","50.0826,8.2493","","Clear"
"50.0826,8.2493","01/11/2019 06:00:00",0.0,0.0,0.0,-3.7,75.91,,5.7,,238.0,-1.9,0.0,,0.0,9.1,15.8,1026.5,"Light Snow, Light Drizzle",50.0826,8.2493,"50.0826,8.2493","50.0826,8.2493","","Clear"
"50.0826,8.2493","01/11/2019 07:00:00",0.1,0.1,0.1,-3.1,78.96,,7.8,,237.0,-2.5,0.0,,0.0,6.0,26.9,1026.1,"Mist, Light Snow, Light Rain",50.0826,8.2493,"50.0826,8.2493","50.0826,8.2493","","Partially cloudy"
"50.0826,8.2493","01/11/2019 08:00:00",0.1,0.1,0.1,-2.8,80.85,,11.4,,246.0,-3.6,0.0,,0.0,4.0,49.9,1025.8,"Mist, Light Snow, Light Rain And Snow",50.0826,8.2493,"50.0826,8.2493","50.0826,8.2493","","Partially cloudy"
"50.0826,8.2493","01/11/2019 09:00:00",0.1,0.1,0.1,-2.7,81.59,,13.2,,247.0,-4.0,0.0,,0.0,2.1,49.9,1025.8,"Light Snow, Mist",50.0826,8.2493,"50.0826,8.2493","50.0826,8.2493","","Partially cloudy"
"50.0826,8.2493","01/11/2019 10:00:00",0.0,0.0,0.0,-2.8,81.58,,10.0,,237.0,-3.3,0.2,,0.0,2.0,49.1,,"Light Snow, Mist",50.0826,8.2493,"50.0826,8.2493","50.0826,8.2493","","Rain, Partially cloudy"
"50.0826,8.2493","01/11/2019 11:00:00",0.0,0.0,0.0,-0.9,93.49,,11.6,,237.0,-3.7,0.0,,0.0,4.0,49.1,,"Mist, Light Snow, Light Drizzle",50.0826,8.2493,"50.0826,8.2493","50.0826,8.2493","","Partially cloudy"
"50.0826,8.2493","01/11/2019 12:00:00",0.0,0.0,0.0,-0.9,93.49,,6.3,,237.0,-2.1,0.0,,0.0,5.9,49.9,,"Light Snow, Mist",50.0826,8.2493,"50.0826,8.2493","50.0826,8.2493","","Partially cloudy"
"50.0826,8.2493","01/11/2019 13:00:00",0.9,0.9,0.9,0.0,93.54,,6.2,,237.0,-1.0,0.5,,0.0,7.7,49.1,,"Mist, Light Drizzle, Light Rain And Snow",50.0826,8.2493,"50.0826,8.2493","50.0826,8.2493","","Rain, Partially cloudy"
"50.0826,8.2493","01/11/2019 14:00:00",2.8,2.8,2.8,0.9,87.62,,1.2,,335.0,,0.0,,0.0,4.8,49.1,,"Mist, Light Drizzle, Light Rain And Snow",50.0826,8.2493,"50.0826,8.2493","50.0826,8.2493","","Partially cloudy"
"50.0826,8.2493","01/11/2019 15:00:00",1.9,1.9,1.9,0.0,87.07,,6.2,,181.0,0.1,0.0,,0.0,7.7,49.1,,"Mist, Light Drizzle",50.0826,8.2493,"50.0826,8.2493","50.0826,8.2493","","Partially cloudy"
"50.0826,8.2493","01/11/2019 16:00:00",1.7,1.7,1.7,-0.9,82.52,,1.2,,337.0,,0.0,,0.0,7.7,49.1,1023.7,"Mist, Smoke Or Haze",50.0826,8.2493,"50.0826,8.2493","50.0826,8.2493","","Partially cloudy"
"50.0826,8.2493","01/11/2019 17:00:00",2.1,2.1,2.1,-0.7,81.67,,9.9,,237.0,-0.8,0.0,,0.0,9.1,49.1,1023.3,"Mist, Light Drizzle",50.0826,8.2493,"50.0826,8.2493","50.0826,8.2493","","Partially cloudy"
"50.0826,8.2493","01/11/2019 18:00:00",2.1,2.1,2.1,-0.2,85.15,,9.8,,246.0,-0.8,0.0,,0.0,5.8,49.9,1023.3,"Mist, Light Drizzle, Light Rain",50.0826,8.2493,"50.0826,8.2493","50.0826,8.2493","","Partially cloudy"
"50.0826,8.2493","01/11/2019 19:00:00",2.8,2.8,2.8,0.1,82.53,,8.3,,218.0,0.4,0.0,,0.0,7.6,49.1,1023.3,"Mist, Light Drizzle",50.0826,8.2493,"50.0826,8.2493","50.0826,8.2493","","Partially cloudy"
"50.0826,8.2493","01/11/2019 20:00:00",2.1,2.1,2.1,0.0,86.04,,8.1,,191.0,-0.3,0.2,,0.0,4.8,49.1,1023.3,"Mist, Light Drizzle, Light Rain",50.0826,8.2493,"50.0826,8.2493","50.0826,8.2493","","Rain, Partially cloudy"
"50.0826,8.2493","01/11/2019 21:00:00",2.9,2.9,2.9,0.8,85.87,,15.0,,265.0,-0.8,0.2,,0.0,8.6,43.8,1023.3,"Mist, Light Drizzle",50.0826,8.2493,"50.0826,8.2493","50.0826,8.2493","","Rain, Partially cloudy"
"50.0826,8.2493","01/11/2019 22:00:00",3.7,3.7,3.7,1.0,83.03,,16.4,,264.0,-0.1,0.0,,0.0,9.6,43.8,,"Mist, Light Drizzle",50.0826,8.2493,"50.0826,8.2493","50.0826,8.2493","","Partially cloudy"
"50.0826,8.2493","01/11/2019 23:00:00",2.8,2.8,2.8,0.1,82.38,,1.1,,26.0,,0.0,,0.0,5.8,15.8,,"Mist, Light Drizzle, Smoke Or Haze",50.0826,8.2493,"50.0826,8.2493","50.0826,8.2493","","Clear"
"50.0826,8.2493","01/12/2019 00:00:00",2.9,2.9,2.9,0.3,82.84,,0.9,,335.0,,0.0,,0.0,4.9,49.1,,"Drizzle, Mist, Smoke Or Haze",50.0826,8.2493,"50.0826,8.2493","50.0826,8.2493","","Partially cloudy"
"50.0826,8.2493","01/12/2019 01:00:00",3.0,3.0,3.0,0.9,86.14,,1.1,,335.0,,0.0,,0.0,3.1,49.1,,"Mist, Light Drizzle, Light Rain",50.0826,8.2493,"50.0826,8.2493","50.0826,8.2493","","Partially cloudy"
"50.0826,8.2493","01/12/2019 02:00:00",3.6,3.6,3.6,1.1,83.79,,1.4,,336.0,,0.2,,0.0,3.1,49.1,,"Drizzle, Mist, Light Drizzle",50.0826,8.2493,"50.0826,8.2493","50.0826,8.2493","","Rain, Partially cloudy"
"50.0826,8.2493","01/12/2019 03:00:00",3.1,3.1,3.1,1.1,86.59,,1.4,,335.0,,0.0,,0.0,3.0,49.1,1024.0,"Drizzle, Mist, Smoke Or Haze",50.0826,8.2493,"50.0826,8.2493","50.0826,8.2493","","Partially cloudy"
"50.0826,8.2493","01/12/2019 04:00:00",4.0,4.0,4.0,1.9,86.64,,10.0,,264.0,1.5,0.0,,0.0,7.7,49.1,1023.5,"Mist, Light Drizzle, Smoke Or Haze",50.0826,8.2493,"50.0826,8.2493","50.0826,8.2493","","Partially cloudy"
"50.0826,8.2493","01/12/2019 05:00:00",4.9,4.9,4.9,2.8,86.05,,11.6,,273.0,2.2,0.2,,0.0,9.6,26.9,1023.5,"Mist, Light Drizzle",50.0826,8.2493,"50.0826,8.2493","50.0826,8.2493","","Rain, Partially cloudy"
"50.0826,8.2493","01/12/2019 06:00:00",4.9,4.9,4.9,2.1,82.52,,13.2,,269.0,1.9,0.0,,0.0,9.7,43.8,1023.1,"Light Rain",50.0826,8.2493,"50.0826,8.2493","50.0826,8.2493","","Partially cloudy"
"50.0826,8.2493","01/12/2019 07:00:00",4.8,4.8,4.8,2.1,82.23,,13.0,,264.0,1.9,0.0,,0.0,9.7,43.8,1023.1,"Light Rain",50.0826,8.2493,"50.0826,8.2493","50.0826,8.2493","","Partially cloudy"
"50.0826,8.2493","01/12/2019 08:00:00",4.1,4.1,4.1,1.2,81.41,,13.1,,275.0,0.9,0.0,,0.0,10.0,25.2,1023.2,"Light Rain",50.0826,8.2493,"50.0826,8.2493","50.0826,8.2493","","Partially cloudy"
"50.0826,8.2493","01/12/2019 09:00:00",4.7,4.7,4.7,1.2,77.87,,13.5,,266.0,1.7,0.2,,0.0,10.0,41.2,1023.5,"Light Rain",50.0826,8.2493,"50.0826,8.2493","50.0826,8.2493","","Rain, Partially cloudy"
"50.0826,8.2493","01/12/2019 10:00:00",5.0,5.0,5.0,1.4,77.37,,12.5,,262.0,2.2,0.0,,0.0,10.0,43.8,1023.1,"Light Rain",50.0826,8.2493,"50.0826,8.2493","50.0826,8.2493","","Partially cloudy"
"50.0826,8.2493","01/12/2019 11:00:00",5.1,5.1,5.1,1.1,75.29,,13.4,,266.0,2.2,0.0,,0.0,10.0,15.8,1022.5,"",50.0826,8.2493,"50.0826,8.2493","50.0826,8.2493","","Clear"
"50.0826,8.2493","01/12/2019 12:00:00",5.0,5.0,5.0,0.3,71.5,,15.6,,248.0,1.7,0.0,,0.0,10.0,43.8,1021.4,"Light Rain",50.0826,8.2493,"50.0826,8.2493","50.0826,8.2493","","Partially cloudy"
"50.0826,8.2493","01/12/2019 13:00:00",5.1,5.1,5.1,1.0,74.87,,20.8,,257.0,1.0,0.0,,0.0,10.0,43.8,1020.4,"",50.0826,8.2493,"50.0826,8.2493","50.0826,8.2493","","Partially cloudy"
"50.0826,8.2493","01/12/2019 14:00:00",5.1,5.1,5.1,0.3,70.79,,17.9,,248.0,1.5,0.0,,0.0,10.0,49.1,1019.4,"Light Rain",50.0826,8.2493,"50.0826,8.2493","50.0826,8.2493","","Partially cloudy"
"50.0826,8.2493","01/12/2019 15:00:00",5.1,5.1,5.1,0.3,71.26,,15.4,,246.0,1.8,0.0,,0.0,10.0,49.1,1018.4,"Light Rain",50.0826,8.2493,"50.0826,8.2493","50.0826,8.2493","","Partially cloudy"
"50.0826,8.2493","01/12/2019 16:00:00",4.9,4.9,4.9,1.0,75.6,,20.7,,247.0,0.9,0.2,,0.0,10.0,49.1,1017.3,"Rain, Light Rain",50.0826,8.2493,"50.0826,8.2493","50.0826,8.2493","","Rain, Partially cloudy"
"50.0826,8.2493","01/12/2019 17:00:00",4.9,4.9,4.9,1.2,77.09,,20.7,,246.0,0.9,0.7,,0.0,10.0,15.8,1016.6,"Light Drizzle/Rain, Light Rain",50.0826,8.2493,"50.0826,8.2493","50.0826,8.2493","","Rain"
"50.0826,8.2493","01/12/2019 18:00:00",4.9,4.9,4.9,1.4,77.89,,15.3,,246.0,1.6,0.2,,0.0,9.8,43.8,1016.3,"Light Drizzle/Rain, Light Rain",50.0826,8.2493,"50.0826,8.2493","50.0826,8.2493","","Rain, Partially cloudy"
"50.0826,8.2493","01/12/2019 19:00:00",4.8,4.8,4.8,1.4,78.42,,17.2,,243.0,1.2,0.2,,0.0,10.0,43.8,1015.3,"Light Rain",50.0826,8.2493,"50.0826,8.2493","50.0826,8.2493","","Rain, Partially cloudy"
"50.0826,8.2493","01/12/2019 20:00:00",4.8,4.8,4.8,1.4,78.42,,18.9,,247.0,1.0,0.5,,0.0,10.0,26.9,1014.6,"Light Rain",50.0826,8.2493,"50.0826,8.2493","50.0826,8.2493","","Rain, Partially cloudy"
"50.0826,8.2493","01/12/2019 21:00:00",4.8,4.8,4.8,1.9,81.51,,10.3,,257.0,2.4,0.5,,0.0,9.9,49.1,1014.6,"Rain, Light Rain",50.0826,8.2493,"50.0826,8.2493","50.0826,8.2493","","Rain, Partially cloudy"
"50.0826,8.2493","01/12/2019 22:00:00",5.1,5.1,5.1,2.2,81.82,,15.3,,255.0,1.8,0.5,,0.0,10.0,49.1,1013.9,"Light Rain",50.0826,8.2493,"50.0826,8.2493","50.0826,8.2493","","Rain, Partially cloudy"
"50.0826,8.2493","01/12/2019 23:00:00",5.7,5.7,5.7,2.3,79.06,,14.4,,271.0,2.7,0.0,,0.0,9.9,49.1,1013.5,"Light Drizzle, Rain Showers",50.0826,8.2493,"50.0826,8.2493","50.0826,8.2493","","Partially cloudy"
"50.0826,8.2493","01/13/2019 00:00:00",5.7,5.7,5.7,2.4,79.01,,9.8,,275.0,3.6,1.2,,0.0,10.0,43.8,1013.8,"Light Rain",50.0826,8.2493,"50.0826,8.2493","50.0826,8.2493","","Rain, Partially cloudy"
"50.0826,8.2493","01/13/2019 01:00:00",5.7,5.7,5.7,2.9,81.85,,15.3,,267.0,2.6,0.5,,0.0,10.0,42.0,1013.2,"",50.0826,8.2493,"50.0826,8.2493","50.0826,8.2493","","Rain, Partially cloudy"
"50.0826,8.2493","01/13/2019 02:00:00",5.8,5.8,5.8,2.2,77.62,,13.6,,251.0,3.0,0.0,,0.0,10.0,43.8,1013.5,"Rain Showers, Light Rain",50.0826,8.2493,"50.0826,8.2493","50.0826,8.2493","","Partially cloudy"
"50.0826,8.2493","01/13/2019 03:00:00",5.7,5.7,5.7,2.3,78.56,,11.5,,268.0,3.2,0.0,,0.0,10.0,49.1,1013.5,"Rain Showers, Light Rain",50.0826,8.2493,"50.0826,8.2493","50.0826,8.2493","","Partially cloudy"
"50.0826,8.2493","01/13/2019 04:00:00",5.9,5.9,5.9,2.3,77.64,,11.5,,267.0,3.5,0.2,,0.0,10.0,43.8,1013.2,"Light Rain",50.0826,8.2493,"50.0826,8.2493","50.0826,8.2493","","Rain, Partially cloudy"
"50.0826,8.2493","01/13/2019 05:00:00",5.7,5.7,5.7,2.4,78.98,,13.0,,237.0,3.0,0.0,,0.0,10.0,43.8,1012.5,"Light Rain",50.0826,8.2493,"50.0826,8.2493","50.0826,8.2493","","Partially cloudy"
"50.0826,8.2493","01/13/2019 06:00:00",6.0,6.0,6.0,3.0,80.84,,16.5,,256.0,2.8,0.0,,0.0,10.0,42.0,1012.2,"",50.0826,8.2493,"50.0826,8.2493","50.0826,8.2493","","Partially cloudy"
"50.0826,8.2493","01/13/2019 07:00:00",6.1,6.1,6.1,3.2,81.68,,18.5,,257.0,2.6,0.0,,0.0,10.0,43.8,1011.2,"Light Rain",50.0826,8.2493,"50.0826,8.2493","50.0826,8.2493","","Partially cloudy"
"50.0826,8.2493","01/13/2019 08:00:00",6.1,6.1,6.1,3.2,81.71,,17.0,,248.0,2.8,0.0,,0.0,10.0,43.8,1010.5,"Light Rain",50.0826,8.2493,"50.0826,8.2493","50.0826,8.2493","","Partially cloudy"
"50.0826,8.2493","01/13/2019 09:00:00",6.1,6.1,6.1,3.3,82.21,,15.5,,248.0,3.0,0.7,,0.0,9.0,43.8,1010.2,"Light Drizzle/Rain, Light Rain",50.0826,8.2493,"50.0826,8.2493","50.0826,8.2493","","Rain, Partially cloudy"
"50.0826,8.2493","01/13/2019 10:00:00",6.7,6.7,6.7,4.0,82.51,,15.4,,247.0,3.8,1.7,,0.0,10.0,15.8,1009.4,"Rain, Light Rain",50.0826,8.2493,"50.0826,8.2493","50.0826,8.2493","","Rain"
"50.0826,8.2493","01/13/2019 11:00:00",6.9,6.9,6.9,4.2,82.62,,13.7,,266.0,4.3,1.2,,0.0,10.0,43.8,1008.7,"Light Rain",50.0826,8.2493,"50.0826,8.2493","50.0826,8.2493","","Rain, Partially cloudy"
"50.0826,8.2493","01/13/2019 12:00:00",7.8,7.8,7.8,5.0,82.36,,17.3,,247.0,4.9,0.0,,0.0,10.0,26.9,1007.0,"Light Rain",50.0826,8.2493,"50.0826,8.2493","50.0826,8.2493","","Partially cloudy"
"50.0826,8.2493","01/13/2019 13:00:00",7.9,7.9,7.9,5.1,82.2,,26.0,,256.0,4.2,0.0,,0.0,8.8,15.8,1005.6,"Light Drizzle/Rain, Light Rain",50.0826,8.2493,"50.0826,8.2493","50.0826,8.2493","","Clear"
"50.0826,8.2493","01/13/2019 14:00:00",8.1,8.1,8.1,5.2,82.18,,17.0,,256.0,5.3,0.2,,0.0,9.6,43.8,1005.3,"Mist, Light Drizzle/Rain, Light Rain",50.0826,8.2493,"50.0826,8.2493","50.0826,8.2493","","Rain, Partially cloudy"
"50.0826,8.2493","01/13/2019 15:00:00",8.2,8.2,8.2,5.3,81.99,,27.3,,266.0,4.5,0.0,,0.0,10.0,49.1,1003.9,"Light Rain",50.0826,8.2493,"50.0826,8.2493","50.0826,8.2493","","Partially cloudy"
"50.0826,8.2493","01/13/2019 16:00:00",8.8,8.8,8.8,5.2,78.34,,26.2,,249.0,5.3,0.0,,0.0,10.0,49.1,1003.6,"Light Rain",50.0826,8.2493,"50.0826,8.2493","50.0826,8.2493","","Partially cloudy"
"50.0826,8.2493","01/13/2019 17:00:00",8.8,8.8,8.8,5.2,78.34,,26.8,,250.0,5.2,0.0,,0.0,10.0,49.1,1002.9,"",50.0826,8.2493,"50.0826,8.2493","50.0826,8.2493","","Partially cloudy"
"50.0826,8.2493","01/13/2019 18:00:00",8.9,8.9,8.9,5.2,77.7,,23.5,,268.0,5.6,0.0,,0.0,10.0,49.1,1002.1,"",50.0826,8.2493,"50.0826,8.2493","50.0826,8.2493","","Partially cloudy"
"50.0826,8.2493","01/13/2019 19:00:00",9.2,9.2,9.2,4.2,71.15,,31.9,42.5,287.0,5.4,0.2,,0.0,10.0,14.1,1001.8,"Light Rain",50.0826,8.2493,"50.0826,8.2493","50.0826,8.2493","","Rain"
"50.0826,8.2493","01/13/2019 20:00:00",9.2,9.2,9.2,3.1,65.5,,28.2,50.0,297.0,5.7,0.0,,0.0,10.0,14.0,1001.8,"Light Rain",50.0826,8.2493,"50.0826,8.2493","50.0826,8.2493","","Clear"
"50.0826,8.2493","01/13/2019 21:00:00",8.8,8.8,8.8,2.9,66.53,,35.2,53.6,306.0,4.7,0.0,,0.0,10.0,13.2,1001.5,"",50.0826,8.2493,"50.0826,8.2493","50.0826,8.2493","","Clear"
"50.0826,8.2493","01/13/2019 22:00:00",8.0,8.0,8.0,1.3,62.59,,32.0,54.0,309.0,3.9,0.0,,0.0,10.0,37.2,1001.9,"Precipitation In Vicinity, Light Rain",50.0826,8.2493,"50.0826,8.2493","50.0826,8.2493","","Partially cloudy"
"50.0826,8.2493","01/13/2019 23:00:00",6.9,6.9,6.9,1.0,65.86,,38.4,56.2,318.0,2.0,0.0,,0.0,10.0,27.6,1002.9,"Rain Showers, Light Rain",50.0826,8.2493,"50.0826,8.2493","50.0826,8.2493","","Partially cloudy"
"50.0826,8.2493","01/14/2019 00:00:00",6.8,6.8,6.8,1.0,66.3,,24.3,42.5,316.0,2.9,0.0,,0.0,10.0,2.1,1002.6,"",50.0826,8.2493,"50.0826,8.2493","50.0826,8.2493","","Clear"
"50.0826,8.2493","01/14/2019 01:00:00",6.9,6.9,6.9,0.9,65.63,,31.9,46.4,317.0,2.4,0.0,,0.0,10.0,3.0,1002.6,"",50.0826,8.2493,"50.0826,8.2493","50.0826,8.2493","","Clear"
"50.0826,8.2493","01/14/2019 02:00:00",7.1,7.1,7.1,0.1,61.23,,34.5,50.0,313.0,2.4,0.0,,0.0,10.0,15.8,1003.8,"",50.0826,8.2493,"50.0826,8.2493","50.0826,8.2493","","Clear"
"50.0826,8.2493","01/14/2019 03:00:00",6.2,6.2,6.2,1.1,69.51,,11.9,,297.0,3.8,0.0,,0.0,10.0,43.8,1005.6,"Precipitation In Vicinity, Light Rain",50.0826,8.2493,"50.0826,8.2493","50.0826,8.2493","","Partially cloudy"
"50.0826,8.2493","01/14/2019 04:00:00",5.8,5.8,5.8,0.8,69.92,,17.0,,286.0,2.5,0.0,,0.0,10.0,42.0,1006.6,"Light Drizzle, Rain Showers",50.0826,8.2493,"50.0826,8.2493","50.0826,8.2493","","Partially cloudy"
"50.0826,8.2493","01/14/2019 05:00:00",5.2,5.2,5.2,0.8,73.33,,14.2,,272.0,2.2,0.0,,0.0,10.0,46.5,1006.6,"Rain Showers",50.0826,8.2493,"50.0826,8.2493","50.0826,8.2493","","Partially cloudy"
"50.0826,8.2493","01/14/2019 06:00:00",5.2,5.2,5.2,1.1,74.95,,10.9,,271.0,2.7,0.0,,0.0,10.0,49.1,1007.3,"Rain Showers, Light Rain",50.0826,8.2493,"50.0826,8.2493","50.0826,8.2493","","Partially cloudy"
"50.0826,8.2493","01/14/2019 07:00:00",5.8,5.8,5.8,1.3,72.9,,18.2,,281.0,2.3,0.2,,0.0,10.0,26.9,1007.9,"Rain Showers",50.0826,8.2493,"50.0826,8.2493","50.0826,8.2493","","Rain, Partially cloudy"
"50.0826,8.2493","01/14/2019 08:00:00",5.8,5.8,5.8,1.1,71.8,,11.2,29.5,282.0,3.4,0.0,,0.0,10.0,43.8,1008.6,"Rain Showers, Light Rain",50.0826,8.2493,"50.0826,8.2493","50.0826,8.2493","","Partially cloudy"
"50.0826,8.2493","01/14/2019 09:00:00",5.1,5.1,5.1,1.4,76.6,,17.9,,279.0,1.5,0.2,,0.0,10.0,43.8,1009.7,"Rain Showers, Light Rain",50.0826,8.2493,"50.0826,8.2493","50.0826,8.2493","","Rain, Partially cloudy"
"50.0826,8.2493","01/14/2019 10:00:00",5.6,5.6,5.6,1.2,72.85,,14.7,,274.0,2.6,0.0,,0.0,9.9,43.8,1010.4,"Rain Showers, Light Rain",50.0826,8.2493,"50.0826,8.2493","50.0826,8.2493","","Partially cloudy"
"50.0826,8.2493","01/14/2019 11:00:00",3.9,3.9,3.9,0.0,75.86,,14.8,,355.0,0.4,0.7,,0.0,10.0,43.8,1011.5,"Light Rain",50.0826,8.2493,"50.0826,8.2493","50.0826,8.2493","","Rain, Partially cloudy"
"50.0826,8.2493","01/14/2019 12:00:00",4.7,4.7,4.7,0.1,71.95,,14.8,,316.0,1.5,0.0,,0.0,10.0,42.0,1011.8,"",50.0826,8.2493,"50.0826,8.2493","50.0826,8.2493","","Partially cloudy"
"50.0826,8.2493","01/14/2019 13:00:00",5.0,5.0,5.0,-0.8,66.26,,28.2,38.9,323.0,0.2,0.0,,0.0,10.0,2.1,1012.1,"",50.0826,8.2493,"50.0826,8.2493","50.0826,8.2493","","Clear"
"50.0826,8.2493","01/14/2019 14:00:00",5.7,5.7,5.7,-1.7,58.96,,23.5,33.5,328.0,1.6,0.0,,0.0,10.0,37.2,1012.8,"",50.0826,8.2493,"50.0826,8.2493","50.0826,8.2493","","Partially cloudy"
"50.0826,8.2493","01/14/2019 15:00:00",5.8,5.8,5.8,-1.9,57.68,,17.0,35.3,328.0,2.4,0.0,,0.0,10.0,48.3,1013.8,"",50.0826,8.2493,"50.0826,8.2493","50.0826,8.2493","","Partially cloudy"
"50.0826,8.2493","01/14/2019 16:00:00",5.8,5.8,5.8,-1.9,57.49,,22.2,,318.0,1.9,0.0,,0.0,10.0,37.2,1014.5,"",50.0826,8.2493,"50.0826,8.2493","50.0826,8.2493","","Partially cloudy"
"50.0826,8.2493","01/14/2019 17:00:00",3.9,3.9,3.9,-0.9,70.6,,13.6,,318.0,0.7,0.0,,0.0,10.0,24.3,1015.9,"",50.0826,8.2493,"50.0826,8.2493","50.0826,8.2493","","Clear"
"50.0826,8.2493","01/14/2019 18:00:00",3.2,3.2,3.2,-2.8,64.82,,16.6,37.1,337.0,-0.7,0.0,,0.0,10.0,2.1,1016.7,"",50.0826,8.2493,"50.0826,8.2493","50.0826,8.2493","","Clear"
"50.0826,8.2493","01/14/2019 19:00:00",2.9,2.9,2.9,-2.8,66.33,,20.0,35.3,316.0,-1.6,0.0,,0.0,10.0,2.1,1017.4,"",50.0826,8.2493,"50.0826,8.2493","50.0826,8.2493","","Clear"
"50.0826,8.2493","01/14/2019 20:00:00",2.0,2.0,2.0,-3.0,69.37,,11.4,,233.0,-1.3,0.0,,0.0,10.0,27.6,1018.4,"",50.0826,8.2493,"50.0826,8.2493","50.0826,8.2493","","Partially cloudy"
"50.0826,8.2493","01/14/2019 21:00:00",3.1,3.1,3.1,-3.0,64.29,,9.5,,257.0,0.5,0.0,,0.0,10.0,49.1,1019.4,"",50.0826,8.2493,"50.0826,8.2493","50.0826,8.2493","","Partially cloudy"
"50.0826,8.2493","01/14/2019 22:00:00",3.1,3.1,3.1,-2.9,64.32,,12.5,,273.0,-0.1,0.0,,0.0,10.0,49.1,1019.7,"",50.0826,8.2493,"50.0826,8.2493","50.0826,8.2493","","Partially cloudy"
"50.0826,8.2493","01/14/2019 23:00:00",3.1,3.1,3.1,-1.8,70.22,,14.4,,278.0,-0.5,0.0,,0.0,10.0,43.8,1020.5,"",50.0826,8.2493,"50.0826,8.2493","50.0826,8.2493","","Partially cloudy"
"50.0826,8.2493","01/15/2019 00:00:00",3.0,3.0,3.0,-2.0,69.47,,14.4,,268.0,-0.6,0.0,,0.0,10.0,14.1,1020.8,"",50.0826,8.2493,"50.0826,8.2493","50.0826,8.2493","","Clear"
"50.0826,8.2493","01/15/2019 01:00:00",3.1,3.1,3.1,-1.9,69.73,,13.0,,278.0,-0.3,0.0,,0.0,10.0,13.2,1021.4,"",50.0826,8.2493,"50.0826,8.2493","50.0826,8.2493","","Clear"
"50.0826,8.2493","01/15/2019 02:00:00",3.0,3.0,3.0,-1.9,69.97,,12.8,,277.0,-0.3,0.0,,0.0,10.0,26.9,1021.8,"",50.0826,8.2493,"50.0826,8.2493","50.0826,8.2493","","Partially cloudy"
"50.0826,8.2493","01/15/2019 03:00:00",2.7,2.7,2.7,-1.9,71.38,,17.8,,283.0,-1.5,0.0,,0.0,10.0,30.2,1021.8,"",50.0826,8.2493,"50.0826,8.2493","50.0826,8.2493","","Partially cloudy"
"50.0826,8.2493","01/15/2019 04:00:00",2.2,2.2,2.2,-2.1,73.2,,13.1,,275.0,-1.3,0.0,,0.0,10.0,26.9,1022.1,"",50.0826,8.2493,"50.0826,8.2493","50.0826,8.2493","","Partially cloudy"
"50.0826,8.2493","01/15/2019 05:00:00",1.8,1.8,1.8,-2.7,71.86,,9.7,,265.0,-1.0,0.0,,0.0,10.0,46.5,1021.8,"",50.0826,8.2493,"50.0826,8.2493","50.0826,8.2493","","Partially cloudy"
"50.0826,8.2493","01/15/2019 06:00:00",2.0,2.0,2.0,-1.9,75.23,,11.8,,266.0,-1.3,0.0,,0.0,10.0,46.5,1021.5,"",50.0826,8.2493,"50.0826,8.2493","50.0826,8.2493","","Partially cloudy"
"50.0826,8.2493","01/15/2019 07:00:00",2.8,2.8,2.8,-1.8,71.67,,11.9,,266.0,-0.4,0.0,,0.0,10.0,13.2,1021.5,"",50.0826,8.2493,"50.0826,8.2493","50.0826,8.2493","","Clear"
"50.0826,8.2493","01/15/2019 08:00:00",2.8,2.8,2.8,-1.7,72.19,,18.6,,246.0,-1.5,0.0,,0.0,10.0,41.2,1021.6,"",50.0826,8.2493,"50.0826,8.2493","50.0826,8.2493","","Partially cloudy"
"50.0826,8.2493","01/15/2019 09:00:00",2.1,2.1,2.1,-1.8,75.26,,11.9,,265.0,-1.2,0.0,,0.0,10.0,41.2,1021.8,"",50.0826,8.2493,"50.0826,8.2493","50.0826,8.2493","","Partially cloudy"
"50.0826,8.2493","01/15/2019 10:00:00",3.1,3.1,3.1,-0.9,74.9,,12.3,,238.0,-0.1,0.0,,0.0,10.0,47.4,1021.5,"",50.0826,8.2493,"50.0826,8.2493","50.0826,8.2493","","Partially cloudy"
"50.0826,8.2493","01/15/2019 11:00:00",3.8,3.8,3.8,-0.7,72.38,,10.3,,228.0,1.2,0.0,,0.0,10.0,43.8,1021.4,"",50.0826,8.2493,"50.0826,8.2493","50.0826,8.2493","","Partially cloudy"
"50.0826,8.2493","01/15/2019 12:00:00",4.8,4.8,4.8,-0.1,70.36,,22.0,,247.0,0.6,0.0,,0.0,10.0,49.1,1021.1,"",50.0826,8.2493,"50.0826,8.2493","50.0826,8.2493","","Partially cloudy"
"50.0826,8.2493","01/15/2019 13:00:00",6.1,6.1,6.1,0.1,65.44,,17.0,,266.0,2.8,0.0,,0.0,10.0,49.1,1020.4,"",50.0826,8.2493,"50.0826,8.2493","50.0826,8.2493","","Partially cloudy"
"50.0826,8.2493","01/15/2019 14:00:00",6.8,6.8,6.8,0.1,62.11,,24.1,,266.0,2.9,0.0,,0.0,10.0,43.8,1020.0,"",50.0826,8.2493,"50.0826,8.2493","50.0826,8.2493","","Partially cloudy"
"50.0826,8.2493","01/15/2019 15:00:00",6.9,6.9,6.9,0.0,61.45,,17.1,,256.0,3.8,0.0,,0.0,10.0,43.8,1019.7,"",50.0826,8.2493,"50.0826,8.2493","50.0826,8.2493","","Partially cloudy"
"50.0826,8.2493","01/15/2019 16:00:00",6.7,6.7,6.7,-0.7,59.18,,22.5,33.5,265.0,2.9,0.0,,0.0,10.0,49.1,1019.3,"",50.0826,8.2493,"50.0826,8.2493","50.0826,8.2493","","Partially cloudy"
"50.0826,8.2493","01/15/2019 17:00:00",6.1,6.1,6.1,-0.7,61.83,,20.5,,256.0,2.4,0.0,,0.0,10.0,49.1,1019.4,"",50.0826,8.2493,"50.0826,8.2493","50.0826,8.2493","","Partially cloudy"
"50.0826,8.2493","01/15/2019 18:00:00",6.1,6.1,6.1,0.0,64.99,,17.2,,257.0,2.8,0.0,,0.0,10.0,43.8,1019.4,"",50.0826,8.2493,"50.0826,8.2493","50.0826,8.2493","","Partially cloudy"
"50.0826,8.2493","01/15/2019 19:00:00",6.0,6.0,6.0,2.0,75.52,,25.9,,220.0,1.7,0.0,,0.0,10.0,62.2,,"",50.0826,8.2493,"50.0826,8.2493","50.0826,8.2493","","Partially cloudy"
"50.0826,8.2493","01/15/2019 20:00:00",6.0,6.0,6.0,0.2,66.78,,14.2,,254.0,3.1,0.0,,0.0,10.0,51.8,,"",50.0826,8.2493,"50.0826,8.2493","50.0826,8.2493","","Partially cloudy"
"50.0826,8.2493","01/15/2019 21:00:00",6.0,6.0,6.0,1.1,70.84,,16.9,,238.0,2.7,0.0,,0.0,10.0,43.8,,"",50.0826,8.2493,"50.0826,8.2493","50.0826,8.2493","","Partially cloudy"
"50.0826,8.2493","01/15/2019 22:00:00",5.8,5.8,5.8,0.2,67.0,,15.1,,229.0,2.7,0.0,,0.0,10.0,49.1,1019.3,"",50.0826,8.2493,"50.0826,8.2493","50.0826,8.2493","","Partially cloudy"
"50.0826,8.2493","01/15/2019 23:00:00",5.6,5.6,5.6,0.4,69.16,,18.2,,243.0,2.1,0.0,,0.0,10.0,9.8,1019.0,"",50.0826,8.2493,"50.0826,8.2493","50.0826,8.2493","","Clear"
"50.0826,8.2493","01/16/2019 00:00:00",5.2,5.2,5.2,0.2,70.04,,18.1,,237.0,1.6,0.0,,0.0,10.0,43.8,1018.7,"",50.0826,8.2493,"50.0826,8.2493","50.0826,8.2493","","Partially cloudy"
