index,store,product,sales,date,level_0,invoice_total,invoice_totalTip,invoice_address_city,invoice_deleted_at,customerCategory_id,tableArea_id,address.company,address.city,item_product_discountable,item_product_pricePerUnit,item_retour,item_expirationDate,item_price,item_lineDiscountGross,item_invoiceDiscountGross,item_discountable,paymentMethod_id_x,productgroup_name,user_name,table_name,days.year,days.month,days.day,days.week,days.weekday,days.season,days.is_holiday,days.holiday_name,days.is_weekend,days.is_free_day,days.is_shops_closed,days.COUNT(sales),days.MAX(sales.address.city),days.MAX(sales.address.company),days.MAX(sales.customerCategory_id),days.MAX(sales.invoice_address_city),days.MAX(sales.invoice_deleted_at),days.MAX(sales.invoice_total),days.MAX(sales.invoice_totalTip),days.MAX(sales.item_discountable),days.MAX(sales.item_expirationDate),days.MAX(sales.item_invoiceDiscountGross),days.MAX(sales.item_lineDiscountGross),days.MAX(sales.item_price),days.MAX(sales.item_product_discountable),days.MAX(sales.item_product_pricePerUnit),days.MAX(sales.item_retour),days.MAX(sales.level_0),days.MAX(sales.sales),days.MAX(sales.store),days.MEAN(sales.address.city),days.MEAN(sales.address.company),days.MEAN(sales.customerCategory_id),days.MEAN(sales.invoice_address_city),days.MEAN(sales.invoice_deleted_at),days.MEAN(sales.invoice_total),days.MEAN(sales.invoice_totalTip),days.MEAN(sales.item_discountable),days.MEAN(sales.item_expirationDate),days.MEAN(sales.item_invoiceDiscountGross),days.MEAN(sales.item_lineDiscountGross),days.MEAN(sales.item_price),days.MEAN(sales.item_product_discountable),days.MEAN(sales.item_product_pricePerUnit),days.MEAN(sales.item_retour),days.MEAN(sales.level_0),days.MEAN(sales.sales),days.MEAN(sales.store),days.MIN(sales.address.city),days.MIN(sales.address.company),days.MIN(sales.customerCategory_id),days.MIN(sales.invoice_address_city),days.MIN(sales.invoice_deleted_at),days.MIN(sales.invoice_total),days.MIN(sales.invoice_totalTip),days.MIN(sales.item_discountable),days.MIN(sales.item_expirationDate),days.MIN(sales.item_invoiceDiscountGross),days.MIN(sales.item_lineDiscountGross),days.MIN(sales.item_price),days.MIN(sales.item_product_discountable),days.MIN(sales.item_product_pricePerUnit),days.MIN(sales.item_retour),days.MIN(sales.level_0),days.MIN(sales.sales),days.MIN(sales.store),days.MODE(sales.paymentMethod_id_x),days.MODE(sales.product),days.MODE(sales.productgroup_name),days.MODE(sales.tableArea_id),days.MODE(sales.table_name),days.MODE(sales.user_name),days.NUM_UNIQUE(sales.paymentMethod_id_x),days.NUM_UNIQUE(sales.product),days.NUM_UNIQUE(sales.productgroup_name),days.NUM_UNIQUE(sales.tableArea_id),days.NUM_UNIQUE(sales.table_name),days.NUM_UNIQUE(sales.user_name),days.SKEW(sales.address.city),days.SKEW(sales.address.company),days.SKEW(sales.customerCategory_id),days.SKEW(sales.invoice_address_city),days.SKEW(sales.invoice_deleted_at),days.SKEW(sales.invoice_total),days.SKEW(sales.invoice_totalTip),days.SKEW(sales.item_discountable),days.SKEW(sales.item_expirationDate),days.SKEW(sales.item_invoiceDiscountGross),days.SKEW(sales.item_lineDiscountGross),days.SKEW(sales.item_price),days.SKEW(sales.item_product_discountable),days.SKEW(sales.item_product_pricePerUnit),days.SKEW(sales.item_retour),days.SKEW(sales.level_0),days.SKEW(sales.sales),days.SKEW(sales.store),days.STD(sales.address.city),days.STD(sales.address.company),days.STD(sales.customerCategory_id),days.STD(sales.invoice_address_city),days.STD(sales.invoice_deleted_at),days.STD(sales.invoice_total),days.STD(sales.invoice_totalTip),days.STD(sales.item_discountable),days.STD(sales.item_expirationDate),days.STD(sales.item_invoiceDiscountGross),days.STD(sales.item_lineDiscountGross),days.STD(sales.item_price),days.STD(sales.item_product_discountable),days.STD(sales.item_product_pricePerUnit),days.STD(sales.item_retour),days.STD(sales.level_0),days.STD(sales.sales),days.STD(sales.store),days.SUM(sales.address.city),days.SUM(sales.address.company),days.SUM(sales.customerCategory_id),days.SUM(sales.invoice_address_city),days.SUM(sales.invoice_deleted_at),days.SUM(sales.invoice_total),days.SUM(sales.invoice_totalTip),days.SUM(sales.item_discountable),days.SUM(sales.item_expirationDate),days.SUM(sales.item_invoiceDiscountGross),days.SUM(sales.item_lineDiscountGross),days.SUM(sales.item_price),days.SUM(sales.item_product_discountable),days.SUM(sales.item_product_pricePerUnit),days.SUM(sales.item_retour),days.SUM(sales.level_0),days.SUM(sales.sales),days.SUM(sales.store),days.COUNT(weather),days.MAX(weather.Cloud Cover),days.MAX(weather.Heat Index),days.MAX(weather.Maximum Temperature),days.MAX(weather.Minimum Temperature),days.MAX(weather.Precipitation),days.MAX(weather.Relative Humidity),days.MAX(weather.Snow Depth),days.MAX(weather.Temperature),days.MAX(weather.Wind Chill),days.MAX(weather.Wind Direction),days.MAX(weather.Wind Gust),days.MAX(weather.Wind Speed),days.MEAN(weather.Cloud Cover),days.MEAN(weather.Heat Index),days.MEAN(weather.Maximum Temperature),days.MEAN(weather.Minimum Temperature),days.MEAN(weather.Precipitation),days.MEAN(weather.Relative Humidity),days.MEAN(weather.Snow Depth),days.MEAN(weather.Temperature),days.MEAN(weather.Wind Chill),days.MEAN(weather.Wind Direction),days.MEAN(weather.Wind Gust),days.MEAN(weather.Wind Speed),days.MIN(weather.Cloud Cover),days.MIN(weather.Heat Index),days.MIN(weather.Maximum Temperature),days.MIN(weather.Minimum Temperature),days.MIN(weather.Precipitation),days.MIN(weather.Relative Humidity),days.MIN(weather.Snow Depth),days.MIN(weather.Temperature),days.MIN(weather.Wind Chill),days.MIN(weather.Wind Direction),days.MIN(weather.Wind Gust),days.MIN(weather.Wind Speed),days.SKEW(weather.Cloud Cover),days.SKEW(weather.Heat Index),days.SKEW(weather.Maximum Temperature),days.SKEW(weather.Minimum Temperature),days.SKEW(weather.Precipitation),days.SKEW(weather.Relative Humidity),days.SKEW(weather.Snow Depth),days.SKEW(weather.Temperature),days.SKEW(weather.Wind Chill),days.SKEW(weather.Wind Direction),days.SKEW(weather.Wind Gust),days.SKEW(weather.Wind Speed),days.STD(weather.Cloud Cover),days.STD(weather.Heat Index),days.STD(weather.Maximum Temperature),days.STD(weather.Minimum Temperature),days.STD(weather.Precipitation),days.STD(weather.Relative Humidity),days.STD(weather.Snow Depth),days.STD(weather.Temperature),days.STD(weather.Wind Chill),days.STD(weather.Wind Direction),days.STD(weather.Wind Gust),days.STD(weather.Wind Speed),days.SUM(weather.Cloud Cover),days.SUM(weather.Heat Index),days.SUM(weather.Maximum Temperature),days.SUM(weather.Minimum Temperature),days.SUM(weather.Precipitation),days.SUM(weather.Relative Humidity),days.SUM(weather.Snow Depth),days.SUM(weather.Temperature),days.SUM(weather.Wind Chill),days.SUM(weather.Wind Direction),days.SUM(weather.Wind Gust),days.SUM(weather.Wind Speed)
0,1,Cola,,2021-07-28,254,16.486666666666668,0,,,,cat_172500,,,1,1.8,0,,1.8,,,1,cat_480951,Alkoholfreie Getränke,jonaskrauss,Innen 5,2021,7,28,30,3,summer,False,,False,False,False,7,,,,,,24.96,0,1,,,,7.419999999999999,1,7.419999999999999,0,260,,1,,,,,,20.292380952380956,0.0,1.0,,,,3.674285714285714,1.0,3.674285714285714,0.0,254.28571428571428,,1.0,,,,,,16.486666666666668,0,1,,,,1.5,1,1.5,0,246,,1,cat_480951,Cola,Speisen,cat_172500,Innen 1,jonaskrauss,1,7,3,1,3,1,,,,,,0.23198900281497503,0,0,,,,0.7360688599428283,0,0.7360688599428283,0,-0.9939238969025975,,0,,,,,,2.9672126303402653,0.0,0.0,,,,2.19179422044176,0.0,2.19179422044176,0.0,4.423960733486292,,0.0,0.0,0.0,0.0,0.0,0.0,142.04666666666668,0,7,0.0,0.0,0.0,25.72,7,25.72,0,1780,0.0,7,1,0.0999999999999999,,22.5,14.8,0.1083333333333333,82.365,,18.029166666666665,,213.41666666666663,,11.6875,0.0999999999999999,,22.5,14.8,0.1083333333333333,82.365,,18.029166666666665,,213.41666666666663,,11.6875,0.0999999999999999,,22.5,14.8,0.1083333333333333,82.365,,18.029166666666665,,213.41666666666663,,11.6875,,,,,,,,,,,,,,,,,,,,,,,,,0.0999999999999999,0.0,22.5,14.8,0.1083333333333333,82.365,0.0,18.029166666666665,0.0,213.41666666666663,0.0,11.6875
1,1,Cola Bacardi,,2021-07-28,255,18.58,0,,,,cat_172500,,,1,3.5,0,,3.5,,,1,cat_480951,Alkoholische Getränke,jonaskrauss,Innen 10,2021,7,28,30,3,summer,False,,False,False,False,7,,,,,,24.96,0,1,,,,7.419999999999999,1,7.419999999999999,0,260,,1,,,,,,20.292380952380956,0.0,1.0,,,,3.674285714285714,1.0,3.674285714285714,0.0,254.28571428571428,,1.0,,,,,,16.486666666666668,0,1,,,,1.5,1,1.5,0,246,,1,cat_480951,Cola,Speisen,cat_172500,Innen 1,jonaskrauss,1,7,3,1,3,1,,,,,,0.23198900281497503,0,0,,,,0.7360688599428283,0,0.7360688599428283,0,-0.9939238969025975,,0,,,,,,2.9672126303402653,0.0,0.0,,,,2.19179422044176,0.0,2.19179422044176,0.0,4.423960733486292,,0.0,0.0,0.0,0.0,0.0,0.0,142.04666666666668,0,7,0.0,0.0,0.0,25.72,7,25.72,0,1780,0.0,7,1,0.0999999999999999,,22.5,14.8,0.1083333333333333,82.365,,18.029166666666665,,213.41666666666663,,11.6875,0.0999999999999999,,22.5,14.8,0.1083333333333333,82.365,,18.029166666666665,,213.41666666666663,,11.6875,0.0999999999999999,,22.5,14.8,0.1083333333333333,82.365,,18.029166666666665,,213.41666666666663,,11.6875,,,,,,,,,,,,,,,,,,,,,,,,,0.0999999999999999,0.0,22.5,14.8,0.1083333333333333,82.365,0.0,18.029166666666665,0.0,213.41666666666663,0.0,11.6875
2,1,Schnitzel,,2021-07-28,256,21.916666666666668,0,,,,cat_172500,,,1,4.5,0,,4.5,,,1,cat_480951,Speisen,jonaskrauss,Innen 1,2021,7,28,30,3,summer,False,,False,False,False,7,,,,,,24.96,0,1,,,,7.419999999999999,1,7.419999999999999,0,260,,1,,,,,,20.292380952380956,0.0,1.0,,,,3.674285714285714,1.0,3.674285714285714,0.0,254.28571428571428,,1.0,,,,,,16.486666666666668,0,1,,,,1.5,1,1.5,0,246,,1,cat_480951,Cola,Speisen,cat_172500,Innen 1,jonaskrauss,1,7,3,1,3,1,,,,,,0.23198900281497503,0,0,,,,0.7360688599428283,0,0.7360688599428283,0,-0.9939238969025975,,0,,,,,,2.9672126303402653,0.0,0.0,,,,2.19179422044176,0.0,2.19179422044176,0.0,4.423960733486292,,0.0,0.0,0.0,0.0,0.0,0.0,142.04666666666668,0,7,0.0,0.0,0.0,25.72,7,25.72,0,1780,0.0,7,1,0.0999999999999999,,22.5,14.8,0.1083333333333333,82.365,,18.029166666666665,,213.41666666666663,,11.6875,0.0999999999999999,,22.5,14.8,0.1083333333333333,82.365,,18.029166666666665,,213.41666666666663,,11.6875,0.0999999999999999,,22.5,14.8,0.1083333333333333,82.365,,18.029166666666665,,213.41666666666663,,11.6875,,,,,,,,,,,,,,,,,,,,,,,,,0.0999999999999999,0.0,22.5,14.8,0.1083333333333333,82.365,0.0,18.029166666666665,0.0,213.41666666666663,0.0,11.6875
3,1,Soda Zitrone,,2021-07-28,257,20.84,0,,,,cat_172500,,,1,1.5,0,,1.5,,,1,cat_480951,Alkoholfreie Getränke,jonaskrauss,Innen 1,2021,7,28,30,3,summer,False,,False,False,False,7,,,,,,24.96,0,1,,,,7.419999999999999,1,7.419999999999999,0,260,,1,,,,,,20.292380952380956,0.0,1.0,,,,3.674285714285714,1.0,3.674285714285714,0.0,254.28571428571428,,1.0,,,,,,16.486666666666668,0,1,,,,1.5,1,1.5,0,246,,1,cat_480951,Cola,Speisen,cat_172500,Innen 1,jonaskrauss,1,7,3,1,3,1,,,,,,0.23198900281497503,0,0,,,,0.7360688599428283,0,0.7360688599428283,0,-0.9939238969025975,,0,,,,,,2.9672126303402653,0.0,0.0,,,,2.19179422044176,0.0,2.19179422044176,0.0,4.423960733486292,,0.0,0.0,0.0,0.0,0.0,0.0,142.04666666666668,0,7,0.0,0.0,0.0,25.72,7,25.72,0,1780,0.0,7,1,0.0999999999999999,,22.5,14.8,0.1083333333333333,82.365,,18.029166666666665,,213.41666666666663,,11.6875,0.0999999999999999,,22.5,14.8,0.1083333333333333,82.365,,18.029166666666665,,213.41666666666663,,11.6875,0.0999999999999999,,22.5,14.8,0.1083333333333333,82.365,,18.029166666666665,,213.41666666666663,,11.6875,,,,,,,,,,,,,,,,,,,,,,,,,0.0999999999999999,0.0,22.5,14.8,0.1083333333333333,82.365,0.0,18.029166666666665,0.0,213.41666666666663,0.0,11.6875
4,1,Spaghetti,,2021-07-28,252,21.846666666666664,0,,,,cat_172500,,,1,5.2,0,,5.2,,,1,cat_480951,Speisen,jonaskrauss,Innen 5,2021,7,28,30,3,summer,False,,False,False,False,7,,,,,,24.96,0,1,,,,7.419999999999999,1,7.419999999999999,0,260,,1,,,,,,20.292380952380956,0.0,1.0,,,,3.674285714285714,1.0,3.674285714285714,0.0,254.28571428571428,,1.0,,,,,,16.486666666666668,0,1,,,,1.5,1,1.5,0,246,,1,cat_480951,Cola,Speisen,cat_172500,Innen 1,jonaskrauss,1,7,3,1,3,1,,,,,,0.23198900281497503,0,0,,,,0.7360688599428283,0,0.7360688599428283,0,-0.9939238969025975,,0,,,,,,2.9672126303402653,0.0,0.0,,,,2.19179422044176,0.0,2.19179422044176,0.0,4.423960733486292,,0.0,0.0,0.0,0.0,0.0,0.0,142.04666666666668,0,7,0.0,0.0,0.0,25.72,7,25.72,0,1780,0.0,7,1,0.0999999999999999,,22.5,14.8,0.1083333333333333,82.365,,18.029166666666665,,213.41666666666663,,11.6875,0.0999999999999999,,22.5,14.8,0.1083333333333333,82.365,,18.029166666666665,,213.41666666666663,,11.6875,0.0999999999999999,,22.5,14.8,0.1083333333333333,82.365,,18.029166666666665,,213.41666666666663,,11.6875,,,,,,,,,,,,,,,,,,,,,,,,,0.0999999999999999,0.0,22.5,14.8,0.1083333333333333,82.365,0.0,18.029166666666665,0.0,213.41666666666663,0.0,11.6875
5,1,"Spritzer 0,25l",,2021-07-28,246,17.416666666666668,0,,,,cat_172500,,,1,1.8,0,,1.8,,,1,cat_480951,Alkoholische Getränke,jonaskrauss,Innen 10,2021,7,28,30,3,summer,False,,False,False,False,7,,,,,,24.96,0,1,,,,7.419999999999999,1,7.419999999999999,0,260,,1,,,,,,20.292380952380956,0.0,1.0,,,,3.674285714285714,1.0,3.674285714285714,0.0,254.28571428571428,,1.0,,,,,,16.486666666666668,0,1,,,,1.5,1,1.5,0,246,,1,cat_480951,Cola,Speisen,cat_172500,Innen 1,jonaskrauss,1,7,3,1,3,1,,,,,,0.23198900281497503,0,0,,,,0.7360688599428283,0,0.7360688599428283,0,-0.9939238969025975,,0,,,,,,2.9672126303402653,0.0,0.0,,,,2.19179422044176,0.0,2.19179422044176,0.0,4.423960733486292,,0.0,0.0,0.0,0.0,0.0,0.0,142.04666666666668,0,7,0.0,0.0,0.0,25.72,7,25.72,0,1780,0.0,7,1,0.0999999999999999,,22.5,14.8,0.1083333333333333,82.365,,18.029166666666665,,213.41666666666663,,11.6875,0.0999999999999999,,22.5,14.8,0.1083333333333333,82.365,,18.029166666666665,,213.41666666666663,,11.6875,0.0999999999999999,,22.5,14.8,0.1083333333333333,82.365,,18.029166666666665,,213.41666666666663,,11.6875,,,,,,,,,,,,,,,,,,,,,,,,,0.0999999999999999,0.0,22.5,14.8,0.1083333333333333,82.365,0.0,18.029166666666665,0.0,213.41666666666663,0.0,11.6875
6,1,Worschtsalat,,2021-07-28,260,24.96,0,,,,cat_172500,,,1,7.419999999999999,0,,7.419999999999999,,,1,cat_480951,Speisen,jonaskrauss,Innen 1,2021,7,28,30,3,summer,False,,False,False,False,7,,,,,,24.96,0,1,,,,7.419999999999999,1,7.419999999999999,0,260,,1,,,,,,20.292380952380956,0.0,1.0,,,,3.674285714285714,1.0,3.674285714285714,0.0,254.28571428571428,,1.0,,,,,,16.486666666666668,0,1,,,,1.5,1,1.5,0,246,,1,cat_480951,Cola,Speisen,cat_172500,Innen 1,jonaskrauss,1,7,3,1,3,1,,,,,,0.23198900281497503,0,0,,,,0.7360688599428283,0,0.7360688599428283,0,-0.9939238969025975,,0,,,,,,2.9672126303402653,0.0,0.0,,,,2.19179422044176,0.0,2.19179422044176,0.0,4.423960733486292,,0.0,0.0,0.0,0.0,0.0,0.0,142.04666666666668,0,7,0.0,0.0,0.0,25.72,7,25.72,0,1780,0.0,7,1,0.0999999999999999,,22.5,14.8,0.1083333333333333,82.365,,18.029166666666665,,213.41666666666663,,11.6875,0.0999999999999999,,22.5,14.8,0.1083333333333333,82.365,,18.029166666666665,,213.41666666666663,,11.6875,0.0999999999999999,,22.5,14.8,0.1083333333333333,82.365,,18.029166666666665,,213.41666666666663,,11.6875,,,,,,,,,,,,,,,,,,,,,,,,,0.0999999999999999,0.0,22.5,14.8,0.1083333333333333,82.365,0.0,18.029166666666665,0.0,213.41666666666663,0.0,11.6875
7,1,Cola,,2021-07-29,254,16.486666666666668,0,,,,cat_172500,,,1,1.8,0,,1.8,,,1,cat_480951,Alkoholfreie Getränke,jonaskrauss,Innen 5,2021,7,29,30,4,summer,False,,False,False,False,7,,,,,,24.96,0,1,,,,7.419999999999999,1,7.419999999999999,0,260,,1,,,,,,20.292380952380956,0.0,1.0,,,,3.674285714285714,1.0,3.674285714285714,0.0,254.28571428571428,,1.0,,,,,,16.486666666666668,0,1,,,,1.5,1,1.5,0,246,,1,cat_480951,Cola,Speisen,cat_172500,Innen 1,jonaskrauss,1,7,3,1,3,1,,,,,,0.23198900281497503,0,0,,,,0.7360688599428283,0,0.7360688599428283,0,-0.9939238969025975,,0,,,,,,2.9672126303402653,0.0,0.0,,,,2.19179422044176,0.0,2.19179422044176,0.0,4.423960733486292,,0.0,0.0,0.0,0.0,0.0,0.0,142.04666666666668,0,7,0.0,0.0,0.0,25.72,7,25.72,0,1780,0.0,7,1,0.208695652173913,,21.4,13.1,0.0,66.9075,,17.7375,,262.1666666666667,,15.066666666666668,0.208695652173913,,21.4,13.1,0.0,66.9075,,17.7375,,262.1666666666667,,15.066666666666668,0.208695652173913,,21.4,13.1,0.0,66.9075,,17.7375,,262.1666666666667,,15.066666666666668,,,,,,,,,,,,,,,,,,,,,,,,,0.208695652173913,0.0,21.4,13.1,0.0,66.9075,0.0,17.7375,0.0,262.1666666666667,0.0,15.066666666666668
8,1,Cola Bacardi,,2021-07-29,255,18.58,0,,,,cat_172500,,,1,3.5,0,,3.5,,,1,cat_480951,Alkoholische Getränke,jonaskrauss,Innen 10,2021,7,29,30,4,summer,False,,False,False,False,7,,,,,,24.96,0,1,,,,7.419999999999999,1,7.419999999999999,0,260,,1,,,,,,20.292380952380956,0.0,1.0,,,,3.674285714285714,1.0,3.674285714285714,0.0,254.28571428571428,,1.0,,,,,,16.486666666666668,0,1,,,,1.5,1,1.5,0,246,,1,cat_480951,Cola,Speisen,cat_172500,Innen 1,jonaskrauss,1,7,3,1,3,1,,,,,,0.23198900281497503,0,0,,,,0.7360688599428283,0,0.7360688599428283,0,-0.9939238969025975,,0,,,,,,2.9672126303402653,0.0,0.0,,,,2.19179422044176,0.0,2.19179422044176,0.0,4.423960733486292,,0.0,0.0,0.0,0.0,0.0,0.0,142.04666666666668,0,7,0.0,0.0,0.0,25.72,7,25.72,0,1780,0.0,7,1,0.208695652173913,,21.4,13.1,0.0,66.9075,,17.7375,,262.1666666666667,,15.066666666666668,0.208695652173913,,21.4,13.1,0.0,66.9075,,17.7375,,262.1666666666667,,15.066666666666668,0.208695652173913,,21.4,13.1,0.0,66.9075,,17.7375,,262.1666666666667,,15.066666666666668,,,,,,,,,,,,,,,,,,,,,,,,,0.208695652173913,0.0,21.4,13.1,0.0,66.9075,0.0,17.7375,0.0,262.1666666666667,0.0,15.066666666666668
9,1,Schnitzel,,2021-07-29,256,21.916666666666668,0,,,,cat_172500,,,1,4.5,0,,4.5,,,1,cat_480951,Speisen,jonaskrauss,Innen 1,2021,7,29,30,4,summer,False,,False,False,False,7,,,,,,24.96,0,1,,,,7.419999999999999,1,7.419999999999999,0,260,,1,,,,,,20.292380952380956,0.0,1.0,,,,3.674285714285714,1.0,3.674285714285714,0.0,254.28571428571428,,1.0,,,,,,16.486666666666668,0,1,,,,1.5,1,1.5,0,246,,1,cat_480951,Cola,Speisen,cat_172500,Innen 1,jonaskrauss,1,7,3,1,3,1,,,,,,0.23198900281497503,0,0,,,,0.7360688599428283,0,0.7360688599428283,0,-0.9939238969025975,,0,,,,,,2.9672126303402653,0.0,0.0,,,,2.19179422044176,0.0,2.19179422044176,0.0,4.423960733486292,,0.0,0.0,0.0,0.0,0.0,0.0,142.04666666666668,0,7,0.0,0.0,0.0,25.72,7,25.72,0,1780,0.0,7,1,0.208695652173913,,21.4,13.1,0.0,66.9075,,17.7375,,262.1666666666667,,15.066666666666668,0.208695652173913,,21.4,13.1,0.0,66.9075,,17.7375,,262.1666666666667,,15.066666666666668,0.208695652173913,,21.4,13.1,0.0,66.9075,,17.7375,,262.1666666666667,,15.066666666666668,,,,,,,,,,,,,,,,,,,,,,,,,0.208695652173913,0.0,21.4,13.1,0.0,66.9075,0.0,17.7375,0.0,262.1666666666667,0.0,15.066666666666668
10,1,Soda Zitrone,,2021-07-29,257,20.84,0,,,,cat_172500,,,1,1.5,0,,1.5,,,1,cat_480951,Alkoholfreie Getränke,jonaskrauss,Innen 1,2021,7,29,30,4,summer,False,,False,False,False,7,,,,,,24.96,0,1,,,,7.419999999999999,1,7.419999999999999,0,260,,1,,,,,,20.292380952380956,0.0,1.0,,,,3.674285714285714,1.0,3.674285714285714,0.0,254.28571428571428,,1.0,,,,,,16.486666666666668,0,1,,,,1.5,1,1.5,0,246,,1,cat_480951,Cola,Speisen,cat_172500,Innen 1,jonaskrauss,1,7,3,1,3,1,,,,,,0.23198900281497503,0,0,,,,0.7360688599428283,0,0.7360688599428283,0,-0.9939238969025975,,0,,,,,,2.9672126303402653,0.0,0.0,,,,2.19179422044176,0.0,2.19179422044176,0.0,4.423960733486292,,0.0,0.0,0.0,0.0,0.0,0.0,142.04666666666668,0,7,0.0,0.0,0.0,25.72,7,25.72,0,1780,0.0,7,1,0.208695652173913,,21.4,13.1,0.0,66.9075,,17.7375,,262.1666666666667,,15.066666666666668,0.208695652173913,,21.4,13.1,0.0,66.9075,,17.7375,,262.1666666666667,,15.066666666666668,0.208695652173913,,21.4,13.1,0.0,66.9075,,17.7375,,262.1666666666667,,15.066666666666668,,,,,,,,,,,,,,,,,,,,,,,,,0.208695652173913,0.0,21.4,13.1,0.0,66.9075,0.0,17.7375,0.0,262.1666666666667,0.0,15.066666666666668
11,1,Spaghetti,,2021-07-29,252,21.846666666666664,0,,,,cat_172500,,,1,5.2,0,,5.2,,,1,cat_480951,Speisen,jonaskrauss,Innen 5,2021,7,29,30,4,summer,False,,False,False,False,7,,,,,,24.96,0,1,,,,7.419999999999999,1,7.419999999999999,0,260,,1,,,,,,20.292380952380956,0.0,1.0,,,,3.674285714285714,1.0,3.674285714285714,0.0,254.28571428571428,,1.0,,,,,,16.486666666666668,0,1,,,,1.5,1,1.5,0,246,,1,cat_480951,Cola,Speisen,cat_172500,Innen 1,jonaskrauss,1,7,3,1,3,1,,,,,,0.23198900281497503,0,0,,,,0.7360688599428283,0,0.7360688599428283,0,-0.9939238969025975,,0,,,,,,2.9672126303402653,0.0,0.0,,,,2.19179422044176,0.0,2.19179422044176,0.0,4.423960733486292,,0.0,0.0,0.0,0.0,0.0,0.0,142.04666666666668,0,7,0.0,0.0,0.0,25.72,7,25.72,0,1780,0.0,7,1,0.208695652173913,,21.4,13.1,0.0,66.9075,,17.7375,,262.1666666666667,,15.066666666666668,0.208695652173913,,21.4,13.1,0.0,66.9075,,17.7375,,262.1666666666667,,15.066666666666668,0.208695652173913,,21.4,13.1,0.0,66.9075,,17.7375,,262.1666666666667,,15.066666666666668,,,,,,,,,,,,,,,,,,,,,,,,,0.208695652173913,0.0,21.4,13.1,0.0,66.9075,0.0,17.7375,0.0,262.1666666666667,0.0,15.066666666666668
12,1,"Spritzer 0,25l",,2021-07-29,246,17.416666666666668,0,,,,cat_172500,,,1,1.8,0,,1.8,,,1,cat_480951,Alkoholische Getränke,jonaskrauss,Innen 10,2021,7,29,30,4,summer,False,,False,False,False,7,,,,,,24.96,0,1,,,,7.419999999999999,1,7.419999999999999,0,260,,1,,,,,,20.292380952380956,0.0,1.0,,,,3.674285714285714,1.0,3.674285714285714,0.0,254.28571428571428,,1.0,,,,,,16.486666666666668,0,1,,,,1.5,1,1.5,0,246,,1,cat_480951,Cola,Speisen,cat_172500,Innen 1,jonaskrauss,1,7,3,1,3,1,,,,,,0.23198900281497503,0,0,,,,0.7360688599428283,0,0.7360688599428283,0,-0.9939238969025975,,0,,,,,,2.9672126303402653,0.0,0.0,,,,2.19179422044176,0.0,2.19179422044176,0.0,4.423960733486292,,0.0,0.0,0.0,0.0,0.0,0.0,142.04666666666668,0,7,0.0,0.0,0.0,25.72,7,25.72,0,1780,0.0,7,1,0.208695652173913,,21.4,13.1,0.0,66.9075,,17.7375,,262.1666666666667,,15.066666666666668,0.208695652173913,,21.4,13.1,0.0,66.9075,,17.7375,,262.1666666666667,,15.066666666666668,0.208695652173913,,21.4,13.1,0.0,66.9075,,17.7375,,262.1666666666667,,15.066666666666668,,,,,,,,,,,,,,,,,,,,,,,,,0.208695652173913,0.0,21.4,13.1,0.0,66.9075,0.0,17.7375,0.0,262.1666666666667,0.0,15.066666666666668
13,1,Worschtsalat,,2021-07-29,260,24.96,0,,,,cat_172500,,,1,7.419999999999999,0,,7.419999999999999,,,1,cat_480951,Speisen,jonaskrauss,Innen 1,2021,7,29,30,4,summer,False,,False,False,False,7,,,,,,24.96,0,1,,,,7.419999999999999,1,7.419999999999999,0,260,,1,,,,,,20.292380952380956,0.0,1.0,,,,3.674285714285714,1.0,3.674285714285714,0.0,254.28571428571428,,1.0,,,,,,16.486666666666668,0,1,,,,1.5,1,1.5,0,246,,1,cat_480951,Cola,Speisen,cat_172500,Innen 1,jonaskrauss,1,7,3,1,3,1,,,,,,0.23198900281497503,0,0,,,,0.7360688599428283,0,0.7360688599428283,0,-0.9939238969025975,,0,,,,,,2.9672126303402653,0.0,0.0,,,,2.19179422044176,0.0,2.19179422044176,0.0,4.423960733486292,,0.0,0.0,0.0,0.0,0.0,0.0,142.04666666666668,0,7,0.0,0.0,0.0,25.72,7,25.72,0,1780,0.0,7,1,0.208695652173913,,21.4,13.1,0.0,66.9075,,17.7375,,262.1666666666667,,15.066666666666668,0.208695652173913,,21.4,13.1,0.0,66.9075,,17.7375,,262.1666666666667,,15.066666666666668,0.208695652173913,,21.4,13.1,0.0,66.9075,,17.7375,,262.1666666666667,,15.066666666666668,,,,,,,,,,,,,,,,,,,,,,,,,0.208695652173913,0.0,21.4,13.1,0.0,66.9075,0.0,17.7375,0.0,262.1666666666667,0.0,15.066666666666668
14,1,Cola,,2021-07-30,254,16.486666666666668,0,,,,cat_172500,,,1,1.8,0,,1.8,,,1,cat_480951,Alkoholfreie Getränke,jonaskrauss,Innen 5,2021,7,30,30,5,summer,False,,False,False,False,7,,,,,,24.96,0,1,,,,7.419999999999999,1,7.419999999999999,0,260,,1,,,,,,20.292380952380956,0.0,1.0,,,,3.674285714285714,1.0,3.674285714285714,0.0,254.28571428571428,,1.0,,,,,,16.486666666666668,0,1,,,,1.5,1,1.5,0,246,,1,cat_480951,Cola,Speisen,cat_172500,Innen 1,jonaskrauss,1,7,3,1,3,1,,,,,,0.23198900281497503,0,0,,,,0.7360688599428283,0,0.7360688599428283,0,-0.9939238969025975,,0,,,,,,2.9672126303402653,0.0,0.0,,,,2.19179422044176,0.0,2.19179422044176,0.0,4.423960733486292,,0.0,0.0,0.0,0.0,0.0,0.0,142.04666666666668,0,7,0.0,0.0,0.0,25.72,7,25.72,0,1780,0.0,7,1,0.2916666666666667,,25.6,11.2,0.0,65.10708333333334,,18.841666666666665,,226.125,,9.6375,0.2916666666666667,,25.6,11.2,0.0,65.10708333333334,,18.841666666666665,,226.125,,9.6375,0.2916666666666667,,25.6,11.2,0.0,65.10708333333334,,18.841666666666665,,226.125,,9.6375,,,,,,,,,,,,,,,,,,,,,,,,,0.2916666666666667,0.0,25.6,11.2,0.0,65.10708333333334,0.0,18.841666666666665,0.0,226.125,0.0,9.6375
15,1,Cola Bacardi,,2021-07-30,255,18.58,0,,,,cat_172500,,,1,3.5,0,,3.5,,,1,cat_480951,Alkoholische Getränke,jonaskrauss,Innen 10,2021,7,30,30,5,summer,False,,False,False,False,7,,,,,,24.96,0,1,,,,7.419999999999999,1,7.419999999999999,0,260,,1,,,,,,20.292380952380956,0.0,1.0,,,,3.674285714285714,1.0,3.674285714285714,0.0,254.28571428571428,,1.0,,,,,,16.486666666666668,0,1,,,,1.5,1,1.5,0,246,,1,cat_480951,Cola,Speisen,cat_172500,Innen 1,jonaskrauss,1,7,3,1,3,1,,,,,,0.23198900281497503,0,0,,,,0.7360688599428283,0,0.7360688599428283,0,-0.9939238969025975,,0,,,,,,2.9672126303402653,0.0,0.0,,,,2.19179422044176,0.0,2.19179422044176,0.0,4.423960733486292,,0.0,0.0,0.0,0.0,0.0,0.0,142.04666666666668,0,7,0.0,0.0,0.0,25.72,7,25.72,0,1780,0.0,7,1,0.2916666666666667,,25.6,11.2,0.0,65.10708333333334,,18.841666666666665,,226.125,,9.6375,0.2916666666666667,,25.6,11.2,0.0,65.10708333333334,,18.841666666666665,,226.125,,9.6375,0.2916666666666667,,25.6,11.2,0.0,65.10708333333334,,18.841666666666665,,226.125,,9.6375,,,,,,,,,,,,,,,,,,,,,,,,,0.2916666666666667,0.0,25.6,11.2,0.0,65.10708333333334,0.0,18.841666666666665,0.0,226.125,0.0,9.6375
16,1,Schnitzel,,2021-07-30,256,21.916666666666668,0,,,,cat_172500,,,1,4.5,0,,4.5,,,1,cat_480951,Speisen,jonaskrauss,Innen 1,2021,7,30,30,5,summer,False,,False,False,False,7,,,,,,24.96,0,1,,,,7.419999999999999,1,7.419999999999999,0,260,,1,,,,,,20.292380952380956,0.0,1.0,,,,3.674285714285714,1.0,3.674285714285714,0.0,254.28571428571428,,1.0,,,,,,16.486666666666668,0,1,,,,1.5,1,1.5,0,246,,1,cat_480951,Cola,Speisen,cat_172500,Innen 1,jonaskrauss,1,7,3,1,3,1,,,,,,0.23198900281497503,0,0,,,,0.7360688599428283,0,0.7360688599428283,0,-0.9939238969025975,,0,,,,,,2.9672126303402653,0.0,0.0,,,,2.19179422044176,0.0,2.19179422044176,0.0,4.423960733486292,,0.0,0.0,0.0,0.0,0.0,0.0,142.04666666666668,0,7,0.0,0.0,0.0,25.72,7,25.72,0,1780,0.0,7,1,0.2916666666666667,,25.6,11.2,0.0,65.10708333333334,,18.841666666666665,,226.125,,9.6375,0.2916666666666667,,25.6,11.2,0.0,65.10708333333334,,18.841666666666665,,226.125,,9.6375,0.2916666666666667,,25.6,11.2,0.0,65.10708333333334,,18.841666666666665,,226.125,,9.6375,,,,,,,,,,,,,,,,,,,,,,,,,0.2916666666666667,0.0,25.6,11.2,0.0,65.10708333333334,0.0,18.841666666666665,0.0,226.125,0.0,9.6375
17,1,Soda Zitrone,,2021-07-30,257,20.84,0,,,,cat_172500,,,1,1.5,0,,1.5,,,1,cat_480951,Alkoholfreie Getränke,jonaskrauss,Innen 1,2021,7,30,30,5,summer,False,,False,False,False,7,,,,,,24.96,0,1,,,,7.419999999999999,1,7.419999999999999,0,260,,1,,,,,,20.292380952380956,0.0,1.0,,,,3.674285714285714,1.0,3.674285714285714,0.0,254.28571428571428,,1.0,,,,,,16.486666666666668,0,1,,,,1.5,1,1.5,0,246,,1,cat_480951,Cola,Speisen,cat_172500,Innen 1,jonaskrauss,1,7,3,1,3,1,,,,,,0.23198900281497503,0,0,,,,0.7360688599428283,0,0.7360688599428283,0,-0.9939238969025975,,0,,,,,,2.9672126303402653,0.0,0.0,,,,2.19179422044176,0.0,2.19179422044176,0.0,4.423960733486292,,0.0,0.0,0.0,0.0,0.0,0.0,142.04666666666668,0,7,0.0,0.0,0.0,25.72,7,25.72,0,1780,0.0,7,1,0.2916666666666667,,25.6,11.2,0.0,65.10708333333334,,18.841666666666665,,226.125,,9.6375,0.2916666666666667,,25.6,11.2,0.0,65.10708333333334,,18.841666666666665,,226.125,,9.6375,0.2916666666666667,,25.6,11.2,0.0,65.10708333333334,,18.841666666666665,,226.125,,9.6375,,,,,,,,,,,,,,,,,,,,,,,,,0.2916666666666667,0.0,25.6,11.2,0.0,65.10708333333334,0.0,18.841666666666665,0.0,226.125,0.0,9.6375
18,1,Spaghetti,,2021-07-30,252,21.846666666666664,0,,,,cat_172500,,,1,5.2,0,,5.2,,,1,cat_480951,Speisen,jonaskrauss,Innen 5,2021,7,30,30,5,summer,False,,False,False,False,7,,,,,,24.96,0,1,,,,7.419999999999999,1,7.419999999999999,0,260,,1,,,,,,20.292380952380956,0.0,1.0,,,,3.674285714285714,1.0,3.674285714285714,0.0,254.28571428571428,,1.0,,,,,,16.486666666666668,0,1,,,,1.5,1,1.5,0,246,,1,cat_480951,Cola,Speisen,cat_172500,Innen 1,jonaskrauss,1,7,3,1,3,1,,,,,,0.23198900281497503,0,0,,,,0.7360688599428283,0,0.7360688599428283,0,-0.9939238969025975,,0,,,,,,2.9672126303402653,0.0,0.0,,,,2.19179422044176,0.0,2.19179422044176,0.0,4.423960733486292,,0.0,0.0,0.0,0.0,0.0,0.0,142.04666666666668,0,7,0.0,0.0,0.0,25.72,7,25.72,0,1780,0.0,7,1,0.2916666666666667,,25.6,11.2,0.0,65.10708333333334,,18.841666666666665,,226.125,,9.6375,0.2916666666666667,,25.6,11.2,0.0,65.10708333333334,,18.841666666666665,,226.125,,9.6375,0.2916666666666667,,25.6,11.2,0.0,65.10708333333334,,18.841666666666665,,226.125,,9.6375,,,,,,,,,,,,,,,,,,,,,,,,,0.2916666666666667,0.0,25.6,11.2,0.0,65.10708333333334,0.0,18.841666666666665,0.0,226.125,0.0,9.6375
19,1,"Spritzer 0,25l",,2021-07-30,246,17.416666666666668,0,,,,cat_172500,,,1,1.8,0,,1.8,,,1,cat_480951,Alkoholische Getränke,jonaskrauss,Innen 10,2021,7,30,30,5,summer,False,,False,False,False,7,,,,,,24.96,0,1,,,,7.419999999999999,1,7.419999999999999,0,260,,1,,,,,,20.292380952380956,0.0,1.0,,,,3.674285714285714,1.0,3.674285714285714,0.0,254.28571428571428,,1.0,,,,,,16.486666666666668,0,1,,,,1.5,1,1.5,0,246,,1,cat_480951,Cola,Speisen,cat_172500,Innen 1,jonaskrauss,1,7,3,1,3,1,,,,,,0.23198900281497503,0,0,,,,0.7360688599428283,0,0.7360688599428283,0,-0.9939238969025975,,0,,,,,,2.9672126303402653,0.0,0.0,,,,2.19179422044176,0.0,2.19179422044176,0.0,4.423960733486292,,0.0,0.0,0.0,0.0,0.0,0.0,142.04666666666668,0,7,0.0,0.0,0.0,25.72,7,25.72,0,1780,0.0,7,1,0.2916666666666667,,25.6,11.2,0.0,65.10708333333334,,18.841666666666665,,226.125,,9.6375,0.2916666666666667,,25.6,11.2,0.0,65.10708333333334,,18.841666666666665,,226.125,,9.6375,0.2916666666666667,,25.6,11.2,0.0,65.10708333333334,,18.841666666666665,,226.125,,9.6375,,,,,,,,,,,,,,,,,,,,,,,,,0.2916666666666667,0.0,25.6,11.2,0.0,65.10708333333334,0.0,18.841666666666665,0.0,226.125,0.0,9.6375
20,1,Worschtsalat,,2021-07-30,260,24.96,0,,,,cat_172500,,,1,7.419999999999999,0,,7.419999999999999,,,1,cat_480951,Speisen,jonaskrauss,Innen 1,2021,7,30,30,5,summer,False,,False,False,False,7,,,,,,24.96,0,1,,,,7.419999999999999,1,7.419999999999999,0,260,,1,,,,,,20.292380952380956,0.0,1.0,,,,3.674285714285714,1.0,3.674285714285714,0.0,254.28571428571428,,1.0,,,,,,16.486666666666668,0,1,,,,1.5,1,1.5,0,246,,1,cat_480951,Cola,Speisen,cat_172500,Innen 1,jonaskrauss,1,7,3,1,3,1,,,,,,0.23198900281497503,0,0,,,,0.7360688599428283,0,0.7360688599428283,0,-0.9939238969025975,,0,,,,,,2.9672126303402653,0.0,0.0,,,,2.19179422044176,0.0,2.19179422044176,0.0,4.423960733486292,,0.0,0.0,0.0,0.0,0.0,0.0,142.04666666666668,0,7,0.0,0.0,0.0,25.72,7,25.72,0,1780,0.0,7,1,0.2916666666666667,,25.6,11.2,0.0,65.10708333333334,,18.841666666666665,,226.125,,9.6375,0.2916666666666667,,25.6,11.2,0.0,65.10708333333334,,18.841666666666665,,226.125,,9.6375,0.2916666666666667,,25.6,11.2,0.0,65.10708333333334,,18.841666666666665,,226.125,,9.6375,,,,,,,,,,,,,,,,,,,,,,,,,0.2916666666666667,0.0,25.6,11.2,0.0,65.10708333333334,0.0,18.841666666666665,0.0,226.125,0.0,9.6375
21,1,Cola,,2021-07-31,254,16.486666666666668,0,,,,cat_172500,,,1,1.8,0,,1.8,,,1,cat_480951,Alkoholfreie Getränke,jonaskrauss,Innen 5,2021,7,31,30,6,summer,False,,True,True,False,7,,,,,,24.96,0,1,,,,7.419999999999999,1,7.419999999999999,0,260,,1,,,,,,20.292380952380956,0.0,1.0,,,,3.674285714285714,1.0,3.674285714285714,0.0,254.28571428571428,,1.0,,,,,,16.486666666666668,0,1,,,,1.5,1,1.5,0,246,,1,cat_480951,Cola,Speisen,cat_172500,Innen 1,jonaskrauss,1,7,3,1,3,1,,,,,,0.23198900281497503,0,0,,,,0.7360688599428283,0,0.7360688599428283,0,-0.9939238969025975,,0,,,,,,2.9672126303402653,0.0,0.0,,,,2.19179422044176,0.0,2.19179422044176,0.0,4.423960733486292,,0.0,0.0,0.0,0.0,0.0,0.0,142.04666666666668,0,7,0.0,0.0,0.0,25.72,7,25.72,0,1780,0.0,7,1,0.4666666666666667,,21.8,13.5,0.0,62.14958333333333,,17.970833333333335,,272.7083333333333,,16.5625,0.4666666666666667,,21.8,13.5,0.0,62.14958333333333,,17.970833333333335,,272.7083333333333,,16.5625,0.4666666666666667,,21.8,13.5,0.0,62.14958333333333,,17.970833333333335,,272.7083333333333,,16.5625,,,,,,,,,,,,,,,,,,,,,,,,,0.4666666666666667,0.0,21.8,13.5,0.0,62.14958333333333,0.0,17.970833333333335,0.0,272.7083333333333,0.0,16.5625
22,1,Cola Bacardi,,2021-07-31,255,18.58,0,,,,cat_172500,,,1,3.5,0,,3.5,,,1,cat_480951,Alkoholische Getränke,jonaskrauss,Innen 10,2021,7,31,30,6,summer,False,,True,True,False,7,,,,,,24.96,0,1,,,,7.419999999999999,1,7.419999999999999,0,260,,1,,,,,,20.292380952380956,0.0,1.0,,,,3.674285714285714,1.0,3.674285714285714,0.0,254.28571428571428,,1.0,,,,,,16.486666666666668,0,1,,,,1.5,1,1.5,0,246,,1,cat_480951,Cola,Speisen,cat_172500,Innen 1,jonaskrauss,1,7,3,1,3,1,,,,,,0.23198900281497503,0,0,,,,0.7360688599428283,0,0.7360688599428283,0,-0.9939238969025975,,0,,,,,,2.9672126303402653,0.0,0.0,,,,2.19179422044176,0.0,2.19179422044176,0.0,4.423960733486292,,0.0,0.0,0.0,0.0,0.0,0.0,142.04666666666668,0,7,0.0,0.0,0.0,25.72,7,25.72,0,1780,0.0,7,1,0.4666666666666667,,21.8,13.5,0.0,62.14958333333333,,17.970833333333335,,272.7083333333333,,16.5625,0.4666666666666667,,21.8,13.5,0.0,62.14958333333333,,17.970833333333335,,272.7083333333333,,16.5625,0.4666666666666667,,21.8,13.5,0.0,62.14958333333333,,17.970833333333335,,272.7083333333333,,16.5625,,,,,,,,,,,,,,,,,,,,,,,,,0.4666666666666667,0.0,21.8,13.5,0.0,62.14958333333333,0.0,17.970833333333335,0.0,272.7083333333333,0.0,16.5625
23,1,Schnitzel,,2021-07-31,256,21.916666666666668,0,,,,cat_172500,,,1,4.5,0,,4.5,,,1,cat_480951,Speisen,jonaskrauss,Innen 1,2021,7,31,30,6,summer,False,,True,True,False,7,,,,,,24.96,0,1,,,,7.419999999999999,1,7.419999999999999,0,260,,1,,,,,,20.292380952380956,0.0,1.0,,,,3.674285714285714,1.0,3.674285714285714,0.0,254.28571428571428,,1.0,,,,,,16.486666666666668,0,1,,,,1.5,1,1.5,0,246,,1,cat_480951,Cola,Speisen,cat_172500,Innen 1,jonaskrauss,1,7,3,1,3,1,,,,,,0.23198900281497503,0,0,,,,0.7360688599428283,0,0.7360688599428283,0,-0.9939238969025975,,0,,,,,,2.9672126303402653,0.0,0.0,,,,2.19179422044176,0.0,2.19179422044176,0.0,4.423960733486292,,0.0,0.0,0.0,0.0,0.0,0.0,142.04666666666668,0,7,0.0,0.0,0.0,25.72,7,25.72,0,1780,0.0,7,1,0.4666666666666667,,21.8,13.5,0.0,62.14958333333333,,17.970833333333335,,272.7083333333333,,16.5625,0.4666666666666667,,21.8,13.5,0.0,62.14958333333333,,17.970833333333335,,272.7083333333333,,16.5625,0.4666666666666667,,21.8,13.5,0.0,62.14958333333333,,17.970833333333335,,272.7083333333333,,16.5625,,,,,,,,,,,,,,,,,,,,,,,,,0.4666666666666667,0.0,21.8,13.5,0.0,62.14958333333333,0.0,17.970833333333335,0.0,272.7083333333333,0.0,16.5625
24,1,Soda Zitrone,,2021-07-31,257,20.84,0,,,,cat_172500,,,1,1.5,0,,1.5,,,1,cat_480951,Alkoholfreie Getränke,jonaskrauss,Innen 1,2021,7,31,30,6,summer,False,,True,True,False,7,,,,,,24.96,0,1,,,,7.419999999999999,1,7.419999999999999,0,260,,1,,,,,,20.292380952380956,0.0,1.0,,,,3.674285714285714,1.0,3.674285714285714,0.0,254.28571428571428,,1.0,,,,,,16.486666666666668,0,1,,,,1.5,1,1.5,0,246,,1,cat_480951,Cola,Speisen,cat_172500,Innen 1,jonaskrauss,1,7,3,1,3,1,,,,,,0.23198900281497503,0,0,,,,0.7360688599428283,0,0.7360688599428283,0,-0.9939238969025975,,0,,,,,,2.9672126303402653,0.0,0.0,,,,2.19179422044176,0.0,2.19179422044176,0.0,4.423960733486292,,0.0,0.0,0.0,0.0,0.0,0.0,142.04666666666668,0,7,0.0,0.0,0.0,25.72,7,25.72,0,1780,0.0,7,1,0.4666666666666667,,21.8,13.5,0.0,62.14958333333333,,17.970833333333335,,272.7083333333333,,16.5625,0.4666666666666667,,21.8,13.5,0.0,62.14958333333333,,17.970833333333335,,272.7083333333333,,16.5625,0.4666666666666667,,21.8,13.5,0.0,62.14958333333333,,17.970833333333335,,272.7083333333333,,16.5625,,,,,,,,,,,,,,,,,,,,,,,,,0.4666666666666667,0.0,21.8,13.5,0.0,62.14958333333333,0.0,17.970833333333335,0.0,272.7083333333333,0.0,16.5625
25,1,Spaghetti,,2021-07-31,252,21.846666666666664,0,,,,cat_172500,,,1,5.2,0,,5.2,,,1,cat_480951,Speisen,jonaskrauss,Innen 5,2021,7,31,30,6,summer,False,,True,True,False,7,,,,,,24.96,0,1,,,,7.419999999999999,1,7.419999999999999,0,260,,1,,,,,,20.292380952380956,0.0,1.0,,,,3.674285714285714,1.0,3.674285714285714,0.0,254.28571428571428,,1.0,,,,,,16.486666666666668,0,1,,,,1.5,1,1.5,0,246,,1,cat_480951,Cola,Speisen,cat_172500,Innen 1,jonaskrauss,1,7,3,1,3,1,,,,,,0.23198900281497503,0,0,,,,0.7360688599428283,0,0.7360688599428283,0,-0.9939238969025975,,0,,,,,,2.9672126303402653,0.0,0.0,,,,2.19179422044176,0.0,2.19179422044176,0.0,4.423960733486292,,0.0,0.0,0.0,0.0,0.0,0.0,142.04666666666668,0,7,0.0,0.0,0.0,25.72,7,25.72,0,1780,0.0,7,1,0.4666666666666667,,21.8,13.5,0.0,62.14958333333333,,17.970833333333335,,272.7083333333333,,16.5625,0.4666666666666667,,21.8,13.5,0.0,62.14958333333333,,17.970833333333335,,272.7083333333333,,16.5625,0.4666666666666667,,21.8,13.5,0.0,62.14958333333333,,17.970833333333335,,272.7083333333333,,16.5625,,,,,,,,,,,,,,,,,,,,,,,,,0.4666666666666667,0.0,21.8,13.5,0.0,62.14958333333333,0.0,17.970833333333335,0.0,272.7083333333333,0.0,16.5625
26,1,"Spritzer 0,25l",,2021-07-31,246,17.416666666666668,0,,,,cat_172500,,,1,1.8,0,,1.8,,,1,cat_480951,Alkoholische Getränke,jonaskrauss,Innen 10,2021,7,31,30,6,summer,False,,True,True,False,7,,,,,,24.96,0,1,,,,7.419999999999999,1,7.419999999999999,0,260,,1,,,,,,20.292380952380956,0.0,1.0,,,,3.674285714285714,1.0,3.674285714285714,0.0,254.28571428571428,,1.0,,,,,,16.486666666666668,0,1,,,,1.5,1,1.5,0,246,,1,cat_480951,Cola,Speisen,cat_172500,Innen 1,jonaskrauss,1,7,3,1,3,1,,,,,,0.23198900281497503,0,0,,,,0.7360688599428283,0,0.7360688599428283,0,-0.9939238969025975,,0,,,,,,2.9672126303402653,0.0,0.0,,,,2.19179422044176,0.0,2.19179422044176,0.0,4.423960733486292,,0.0,0.0,0.0,0.0,0.0,0.0,142.04666666666668,0,7,0.0,0.0,0.0,25.72,7,25.72,0,1780,0.0,7,1,0.4666666666666667,,21.8,13.5,0.0,62.14958333333333,,17.970833333333335,,272.7083333333333,,16.5625,0.4666666666666667,,21.8,13.5,0.0,62.14958333333333,,17.970833333333335,,272.7083333333333,,16.5625,0.4666666666666667,,21.8,13.5,0.0,62.14958333333333,,17.970833333333335,,272.7083333333333,,16.5625,,,,,,,,,,,,,,,,,,,,,,,,,0.4666666666666667,0.0,21.8,13.5,0.0,62.14958333333333,0.0,17.970833333333335,0.0,272.7083333333333,0.0,16.5625
27,1,Worschtsalat,,2021-07-31,260,24.96,0,,,,cat_172500,,,1,7.419999999999999,0,,7.419999999999999,,,1,cat_480951,Speisen,jonaskrauss,Innen 1,2021,7,31,30,6,summer,False,,True,True,False,7,,,,,,24.96,0,1,,,,7.419999999999999,1,7.419999999999999,0,260,,1,,,,,,20.292380952380956,0.0,1.0,,,,3.674285714285714,1.0,3.674285714285714,0.0,254.28571428571428,,1.0,,,,,,16.486666666666668,0,1,,,,1.5,1,1.5,0,246,,1,cat_480951,Cola,Speisen,cat_172500,Innen 1,jonaskrauss,1,7,3,1,3,1,,,,,,0.23198900281497503,0,0,,,,0.7360688599428283,0,0.7360688599428283,0,-0.9939238969025975,,0,,,,,,2.9672126303402653,0.0,0.0,,,,2.19179422044176,0.0,2.19179422044176,0.0,4.423960733486292,,0.0,0.0,0.0,0.0,0.0,0.0,142.04666666666668,0,7,0.0,0.0,0.0,25.72,7,25.72,0,1780,0.0,7,1,0.4666666666666667,,21.8,13.5,0.0,62.14958333333333,,17.970833333333335,,272.7083333333333,,16.5625,0.4666666666666667,,21.8,13.5,0.0,62.14958333333333,,17.970833333333335,,272.7083333333333,,16.5625,0.4666666666666667,,21.8,13.5,0.0,62.14958333333333,,17.970833333333335,,272.7083333333333,,16.5625,,,,,,,,,,,,,,,,,,,,,,,,,0.4666666666666667,0.0,21.8,13.5,0.0,62.14958333333333,0.0,17.970833333333335,0.0,272.7083333333333,0.0,16.5625
28,1,Cola,,2021-08-01,254,16.486666666666668,0,,,,cat_172500,,,1,1.8,0,,1.8,,,1,cat_480951,Alkoholfreie Getränke,jonaskrauss,Innen 5,2021,8,1,30,7,summer,False,,True,True,True,7,,,,,,24.96,0,1,,,,7.419999999999999,1,7.419999999999999,0,260,,1,,,,,,20.292380952380956,0.0,1.0,,,,3.674285714285714,1.0,3.674285714285714,0.0,254.28571428571428,,1.0,,,,,,16.486666666666668,0,1,,,,1.5,1,1.5,0,246,,1,cat_480951,Cola,Speisen,cat_172500,Innen 1,jonaskrauss,1,7,3,1,3,1,,,,,,0.23198900281497503,0,0,,,,0.7360688599428283,0,0.7360688599428283,0,-0.9939238969025975,,0,,,,,,2.9672126303402653,0.0,0.0,,,,2.19179422044176,0.0,2.19179422044176,0.0,4.423960733486292,,0.0,0.0,0.0,0.0,0.0,0.0,142.04666666666668,0,7,0.0,0.0,0.0,25.72,7,25.72,0,1780,0.0,7,1,0.0499999999999999,,23.0,13.9,0.0079166666666666,67.34,,17.833333333333332,,259.1666666666667,,10.1625,0.0499999999999999,,23.0,13.9,0.0079166666666666,67.34,,17.833333333333332,,259.1666666666667,,10.1625,0.0499999999999999,,23.0,13.9,0.0079166666666666,67.34,,17.833333333333332,,259.1666666666667,,10.1625,,,,,,,,,,,,,,,,,,,,,,,,,0.0499999999999999,0.0,23.0,13.9,0.0079166666666666,67.34,0.0,17.833333333333332,0.0,259.1666666666667,0.0,10.1625
29,1,Cola Bacardi,,2021-08-01,255,18.58,0,,,,cat_172500,,,1,3.5,0,,3.5,,,1,cat_480951,Alkoholische Getränke,jonaskrauss,Innen 10,2021,8,1,30,7,summer,False,,True,True,True,7,,,,,,24.96,0,1,,,,7.419999999999999,1,7.419999999999999,0,260,,1,,,,,,20.292380952380956,0.0,1.0,,,,3.674285714285714,1.0,3.674285714285714,0.0,254.28571428571428,,1.0,,,,,,16.486666666666668,0,1,,,,1.5,1,1.5,0,246,,1,cat_480951,Cola,Speisen,cat_172500,Innen 1,jonaskrauss,1,7,3,1,3,1,,,,,,0.23198900281497503,0,0,,,,0.7360688599428283,0,0.7360688599428283,0,-0.9939238969025975,,0,,,,,,2.9672126303402653,0.0,0.0,,,,2.19179422044176,0.0,2.19179422044176,0.0,4.423960733486292,,0.0,0.0,0.0,0.0,0.0,0.0,142.04666666666668,0,7,0.0,0.0,0.0,25.72,7,25.72,0,1780,0.0,7,1,0.0499999999999999,,23.0,13.9,0.0079166666666666,67.34,,17.833333333333332,,259.1666666666667,,10.1625,0.0499999999999999,,23.0,13.9,0.0079166666666666,67.34,,17.833333333333332,,259.1666666666667,,10.1625,0.0499999999999999,,23.0,13.9,0.0079166666666666,67.34,,17.833333333333332,,259.1666666666667,,10.1625,,,,,,,,,,,,,,,,,,,,,,,,,0.0499999999999999,0.0,23.0,13.9,0.0079166666666666,67.34,0.0,17.833333333333332,0.0,259.1666666666667,0.0,10.1625
30,1,Schnitzel,,2021-08-01,256,21.916666666666668,0,,,,cat_172500,,,1,4.5,0,,4.5,,,1,cat_480951,Speisen,jonaskrauss,Innen 1,2021,8,1,30,7,summer,False,,True,True,True,7,,,,,,24.96,0,1,,,,7.419999999999999,1,7.419999999999999,0,260,,1,,,,,,20.292380952380956,0.0,1.0,,,,3.674285714285714,1.0,3.674285714285714,0.0,254.28571428571428,,1.0,,,,,,16.486666666666668,0,1,,,,1.5,1,1.5,0,246,,1,cat_480951,Cola,Speisen,cat_172500,Innen 1,jonaskrauss,1,7,3,1,3,1,,,,,,0.23198900281497503,0,0,,,,0.7360688599428283,0,0.7360688599428283,0,-0.9939238969025975,,0,,,,,,2.9672126303402653,0.0,0.0,,,,2.19179422044176,0.0,2.19179422044176,0.0,4.423960733486292,,0.0,0.0,0.0,0.0,0.0,0.0,142.04666666666668,0,7,0.0,0.0,0.0,25.72,7,25.72,0,1780,0.0,7,1,0.0499999999999999,,23.0,13.9,0.0079166666666666,67.34,,17.833333333333332,,259.1666666666667,,10.1625,0.0499999999999999,,23.0,13.9,0.0079166666666666,67.34,,17.833333333333332,,259.1666666666667,,10.1625,0.0499999999999999,,23.0,13.9,0.0079166666666666,67.34,,17.833333333333332,,259.1666666666667,,10.1625,,,,,,,,,,,,,,,,,,,,,,,,,0.0499999999999999,0.0,23.0,13.9,0.0079166666666666,67.34,0.0,17.833333333333332,0.0,259.1666666666667,0.0,10.1625
31,1,Soda Zitrone,,2021-08-01,257,20.84,0,,,,cat_172500,,,1,1.5,0,,1.5,,,1,cat_480951,Alkoholfreie Getränke,jonaskrauss,Innen 1,2021,8,1,30,7,summer,False,,True,True,True,7,,,,,,24.96,0,1,,,,7.419999999999999,1,7.419999999999999,0,260,,1,,,,,,20.292380952380956,0.0,1.0,,,,3.674285714285714,1.0,3.674285714285714,0.0,254.28571428571428,,1.0,,,,,,16.486666666666668,0,1,,,,1.5,1,1.5,0,246,,1,cat_480951,Cola,Speisen,cat_172500,Innen 1,jonaskrauss,1,7,3,1,3,1,,,,,,0.23198900281497503,0,0,,,,0.7360688599428283,0,0.7360688599428283,0,-0.9939238969025975,,0,,,,,,2.9672126303402653,0.0,0.0,,,,2.19179422044176,0.0,2.19179422044176,0.0,4.423960733486292,,0.0,0.0,0.0,0.0,0.0,0.0,142.04666666666668,0,7,0.0,0.0,0.0,25.72,7,25.72,0,1780,0.0,7,1,0.0499999999999999,,23.0,13.9,0.0079166666666666,67.34,,17.833333333333332,,259.1666666666667,,10.1625,0.0499999999999999,,23.0,13.9,0.0079166666666666,67.34,,17.833333333333332,,259.1666666666667,,10.1625,0.0499999999999999,,23.0,13.9,0.0079166666666666,67.34,,17.833333333333332,,259.1666666666667,,10.1625,,,,,,,,,,,,,,,,,,,,,,,,,0.0499999999999999,0.0,23.0,13.9,0.0079166666666666,67.34,0.0,17.833333333333332,0.0,259.1666666666667,0.0,10.1625
32,1,Spaghetti,,2021-08-01,252,21.846666666666664,0,,,,cat_172500,,,1,5.2,0,,5.2,,,1,cat_480951,Speisen,jonaskrauss,Innen 5,2021,8,1,30,7,summer,False,,True,True,True,7,,,,,,24.96,0,1,,,,7.419999999999999,1,7.419999999999999,0,260,,1,,,,,,20.292380952380956,0.0,1.0,,,,3.674285714285714,1.0,3.674285714285714,0.0,254.28571428571428,,1.0,,,,,,16.486666666666668,0,1,,,,1.5,1,1.5,0,246,,1,cat_480951,Cola,Speisen,cat_172500,Innen 1,jonaskrauss,1,7,3,1,3,1,,,,,,0.23198900281497503,0,0,,,,0.7360688599428283,0,0.7360688599428283,0,-0.9939238969025975,,0,,,,,,2.9672126303402653,0.0,0.0,,,,2.19179422044176,0.0,2.19179422044176,0.0,4.423960733486292,,0.0,0.0,0.0,0.0,0.0,0.0,142.04666666666668,0,7,0.0,0.0,0.0,25.72,7,25.72,0,1780,0.0,7,1,0.0499999999999999,,23.0,13.9,0.0079166666666666,67.34,,17.833333333333332,,259.1666666666667,,10.1625,0.0499999999999999,,23.0,13.9,0.0079166666666666,67.34,,17.833333333333332,,259.1666666666667,,10.1625,0.0499999999999999,,23.0,13.9,0.0079166666666666,67.34,,17.833333333333332,,259.1666666666667,,10.1625,,,,,,,,,,,,,,,,,,,,,,,,,0.0499999999999999,0.0,23.0,13.9,0.0079166666666666,67.34,0.0,17.833333333333332,0.0,259.1666666666667,0.0,10.1625
33,1,"Spritzer 0,25l",,2021-08-01,246,17.416666666666668,0,,,,cat_172500,,,1,1.8,0,,1.8,,,1,cat_480951,Alkoholische Getränke,jonaskrauss,Innen 10,2021,8,1,30,7,summer,False,,True,True,True,7,,,,,,24.96,0,1,,,,7.419999999999999,1,7.419999999999999,0,260,,1,,,,,,20.292380952380956,0.0,1.0,,,,3.674285714285714,1.0,3.674285714285714,0.0,254.28571428571428,,1.0,,,,,,16.486666666666668,0,1,,,,1.5,1,1.5,0,246,,1,cat_480951,Cola,Speisen,cat_172500,Innen 1,jonaskrauss,1,7,3,1,3,1,,,,,,0.23198900281497503,0,0,,,,0.7360688599428283,0,0.7360688599428283,0,-0.9939238969025975,,0,,,,,,2.9672126303402653,0.0,0.0,,,,2.19179422044176,0.0,2.19179422044176,0.0,4.423960733486292,,0.0,0.0,0.0,0.0,0.0,0.0,142.04666666666668,0,7,0.0,0.0,0.0,25.72,7,25.72,0,1780,0.0,7,1,0.0499999999999999,,23.0,13.9,0.0079166666666666,67.34,,17.833333333333332,,259.1666666666667,,10.1625,0.0499999999999999,,23.0,13.9,0.0079166666666666,67.34,,17.833333333333332,,259.1666666666667,,10.1625,0.0499999999999999,,23.0,13.9,0.0079166666666666,67.34,,17.833333333333332,,259.1666666666667,,10.1625,,,,,,,,,,,,,,,,,,,,,,,,,0.0499999999999999,0.0,23.0,13.9,0.0079166666666666,67.34,0.0,17.833333333333332,0.0,259.1666666666667,0.0,10.1625
34,1,Worschtsalat,,2021-08-01,260,24.96,0,,,,cat_172500,,,1,7.419999999999999,0,,7.419999999999999,,,1,cat_480951,Speisen,jonaskrauss,Innen 1,2021,8,1,30,7,summer,False,,True,True,True,7,,,,,,24.96,0,1,,,,7.419999999999999,1,7.419999999999999,0,260,,1,,,,,,20.292380952380956,0.0,1.0,,,,3.674285714285714,1.0,3.674285714285714,0.0,254.28571428571428,,1.0,,,,,,16.486666666666668,0,1,,,,1.5,1,1.5,0,246,,1,cat_480951,Cola,Speisen,cat_172500,Innen 1,jonaskrauss,1,7,3,1,3,1,,,,,,0.23198900281497503,0,0,,,,0.7360688599428283,0,0.7360688599428283,0,-0.9939238969025975,,0,,,,,,2.9672126303402653,0.0,0.0,,,,2.19179422044176,0.0,2.19179422044176,0.0,4.423960733486292,,0.0,0.0,0.0,0.0,0.0,0.0,142.04666666666668,0,7,0.0,0.0,0.0,25.72,7,25.72,0,1780,0.0,7,1,0.0499999999999999,,23.0,13.9,0.0079166666666666,67.34,,17.833333333333332,,259.1666666666667,,10.1625,0.0499999999999999,,23.0,13.9,0.0079166666666666,67.34,,17.833333333333332,,259.1666666666667,,10.1625,0.0499999999999999,,23.0,13.9,0.0079166666666666,67.34,,17.833333333333332,,259.1666666666667,,10.1625,,,,,,,,,,,,,,,,,,,,,,,,,0.0499999999999999,0.0,23.0,13.9,0.0079166666666666,67.34,0.0,17.833333333333332,0.0,259.1666666666667,0.0,10.1625
35,1,Cola,,2021-08-02,254,16.486666666666668,0,,,,cat_172500,,,1,1.8,0,,1.8,,,1,cat_480951,Alkoholfreie Getränke,jonaskrauss,Innen 5,2021,8,2,31,1,summer,False,,False,False,False,7,,,,,,24.96,0,1,,,,7.419999999999999,1,7.419999999999999,0,260,,1,,,,,,20.292380952380956,0.0,1.0,,,,3.674285714285714,1.0,3.674285714285714,0.0,254.28571428571428,,1.0,,,,,,16.486666666666668,0,1,,,,1.5,1,1.5,0,246,,1,cat_480951,Cola,Speisen,cat_172500,Innen 1,jonaskrauss,1,7,3,1,3,1,,,,,,0.23198900281497503,0,0,,,,0.7360688599428283,0,0.7360688599428283,0,-0.9939238969025975,,0,,,,,,2.9672126303402653,0.0,0.0,,,,2.19179422044176,0.0,2.19179422044176,0.0,4.423960733486292,,0.0,0.0,0.0,0.0,0.0,0.0,142.04666666666668,0,7,0.0,0.0,0.0,25.72,7,25.72,0,1780,0.0,7,1,0.0499999999999999,,20.5,12.2,0.1662499999999999,79.38125000000001,,16.041666666666668,,237.33333333333331,,8.779166666666667,0.0499999999999999,,20.5,12.2,0.1662499999999999,79.38125000000001,,16.041666666666668,,237.33333333333331,,8.779166666666667,0.0499999999999999,,20.5,12.2,0.1662499999999999,79.38125000000001,,16.041666666666668,,237.33333333333331,,8.779166666666667,,,,,,,,,,,,,,,,,,,,,,,,,0.0499999999999999,0.0,20.5,12.2,0.1662499999999999,79.38125000000001,0.0,16.041666666666668,0.0,237.33333333333331,0.0,8.779166666666667
36,1,Cola Bacardi,,2021-08-02,255,18.58,0,,,,cat_172500,,,1,3.5,0,,3.5,,,1,cat_480951,Alkoholische Getränke,jonaskrauss,Innen 10,2021,8,2,31,1,summer,False,,False,False,False,7,,,,,,24.96,0,1,,,,7.419999999999999,1,7.419999999999999,0,260,,1,,,,,,20.292380952380956,0.0,1.0,,,,3.674285714285714,1.0,3.674285714285714,0.0,254.28571428571428,,1.0,,,,,,16.486666666666668,0,1,,,,1.5,1,1.5,0,246,,1,cat_480951,Cola,Speisen,cat_172500,Innen 1,jonaskrauss,1,7,3,1,3,1,,,,,,0.23198900281497503,0,0,,,,0.7360688599428283,0,0.7360688599428283,0,-0.9939238969025975,,0,,,,,,2.9672126303402653,0.0,0.0,,,,2.19179422044176,0.0,2.19179422044176,0.0,4.423960733486292,,0.0,0.0,0.0,0.0,0.0,0.0,142.04666666666668,0,7,0.0,0.0,0.0,25.72,7,25.72,0,1780,0.0,7,1,0.0499999999999999,,20.5,12.2,0.1662499999999999,79.38125000000001,,16.041666666666668,,237.33333333333331,,8.779166666666667,0.0499999999999999,,20.5,12.2,0.1662499999999999,79.38125000000001,,16.041666666666668,,237.33333333333331,,8.779166666666667,0.0499999999999999,,20.5,12.2,0.1662499999999999,79.38125000000001,,16.041666666666668,,237.33333333333331,,8.779166666666667,,,,,,,,,,,,,,,,,,,,,,,,,0.0499999999999999,0.0,20.5,12.2,0.1662499999999999,79.38125000000001,0.0,16.041666666666668,0.0,237.33333333333331,0.0,8.779166666666667
37,1,Schnitzel,,2021-08-02,256,21.916666666666668,0,,,,cat_172500,,,1,4.5,0,,4.5,,,1,cat_480951,Speisen,jonaskrauss,Innen 1,2021,8,2,31,1,summer,False,,False,False,False,7,,,,,,24.96,0,1,,,,7.419999999999999,1,7.419999999999999,0,260,,1,,,,,,20.292380952380956,0.0,1.0,,,,3.674285714285714,1.0,3.674285714285714,0.0,254.28571428571428,,1.0,,,,,,16.486666666666668,0,1,,,,1.5,1,1.5,0,246,,1,cat_480951,Cola,Speisen,cat_172500,Innen 1,jonaskrauss,1,7,3,1,3,1,,,,,,0.23198900281497503,0,0,,,,0.7360688599428283,0,0.7360688599428283,0,-0.9939238969025975,,0,,,,,,2.9672126303402653,0.0,0.0,,,,2.19179422044176,0.0,2.19179422044176,0.0,4.423960733486292,,0.0,0.0,0.0,0.0,0.0,0.0,142.04666666666668,0,7,0.0,0.0,0.0,25.72,7,25.72,0,1780,0.0,7,1,0.0499999999999999,,20.5,12.2,0.1662499999999999,79.38125000000001,,16.041666666666668,,237.33333333333331,,8.779166666666667,0.0499999999999999,,20.5,12.2,0.1662499999999999,79.38125000000001,,16.041666666666668,,237.33333333333331,,8.779166666666667,0.0499999999999999,,20.5,12.2,0.1662499999999999,79.38125000000001,,16.041666666666668,,237.33333333333331,,8.779166666666667,,,,,,,,,,,,,,,,,,,,,,,,,0.0499999999999999,0.0,20.5,12.2,0.1662499999999999,79.38125000000001,0.0,16.041666666666668,0.0,237.33333333333331,0.0,8.779166666666667
38,1,Soda Zitrone,,2021-08-02,257,20.84,0,,,,cat_172500,,,1,1.5,0,,1.5,,,1,cat_480951,Alkoholfreie Getränke,jonaskrauss,Innen 1,2021,8,2,31,1,summer,False,,False,False,False,7,,,,,,24.96,0,1,,,,7.419999999999999,1,7.419999999999999,0,260,,1,,,,,,20.292380952380956,0.0,1.0,,,,3.674285714285714,1.0,3.674285714285714,0.0,254.28571428571428,,1.0,,,,,,16.486666666666668,0,1,,,,1.5,1,1.5,0,246,,1,cat_480951,Cola,Speisen,cat_172500,Innen 1,jonaskrauss,1,7,3,1,3,1,,,,,,0.23198900281497503,0,0,,,,0.7360688599428283,0,0.7360688599428283,0,-0.9939238969025975,,0,,,,,,2.9672126303402653,0.0,0.0,,,,2.19179422044176,0.0,2.19179422044176,0.0,4.423960733486292,,0.0,0.0,0.0,0.0,0.0,0.0,142.04666666666668,0,7,0.0,0.0,0.0,25.72,7,25.72,0,1780,0.0,7,1,0.0499999999999999,,20.5,12.2,0.1662499999999999,79.38125000000001,,16.041666666666668,,237.33333333333331,,8.779166666666667,0.0499999999999999,,20.5,12.2,0.1662499999999999,79.38125000000001,,16.041666666666668,,237.33333333333331,,8.779166666666667,0.0499999999999999,,20.5,12.2,0.1662499999999999,79.38125000000001,,16.041666666666668,,237.33333333333331,,8.779166666666667,,,,,,,,,,,,,,,,,,,,,,,,,0.0499999999999999,0.0,20.5,12.2,0.1662499999999999,79.38125000000001,0.0,16.041666666666668,0.0,237.33333333333331,0.0,8.779166666666667
39,1,Spaghetti,,2021-08-02,252,21.846666666666664,0,,,,cat_172500,,,1,5.2,0,,5.2,,,1,cat_480951,Speisen,jonaskrauss,Innen 5,2021,8,2,31,1,summer,False,,False,False,False,7,,,,,,24.96,0,1,,,,7.419999999999999,1,7.419999999999999,0,260,,1,,,,,,20.292380952380956,0.0,1.0,,,,3.674285714285714,1.0,3.674285714285714,0.0,254.28571428571428,,1.0,,,,,,16.486666666666668,0,1,,,,1.5,1,1.5,0,246,,1,cat_480951,Cola,Speisen,cat_172500,Innen 1,jonaskrauss,1,7,3,1,3,1,,,,,,0.23198900281497503,0,0,,,,0.7360688599428283,0,0.7360688599428283,0,-0.9939238969025975,,0,,,,,,2.9672126303402653,0.0,0.0,,,,2.19179422044176,0.0,2.19179422044176,0.0,4.423960733486292,,0.0,0.0,0.0,0.0,0.0,0.0,142.04666666666668,0,7,0.0,0.0,0.0,25.72,7,25.72,0,1780,0.0,7,1,0.0499999999999999,,20.5,12.2,0.1662499999999999,79.38125000000001,,16.041666666666668,,237.33333333333331,,8.779166666666667,0.0499999999999999,,20.5,12.2,0.1662499999999999,79.38125000000001,,16.041666666666668,,237.33333333333331,,8.779166666666667,0.0499999999999999,,20.5,12.2,0.1662499999999999,79.38125000000001,,16.041666666666668,,237.33333333333331,,8.779166666666667,,,,,,,,,,,,,,,,,,,,,,,,,0.0499999999999999,0.0,20.5,12.2,0.1662499999999999,79.38125000000001,0.0,16.041666666666668,0.0,237.33333333333331,0.0,8.779166666666667
40,1,"Spritzer 0,25l",,2021-08-02,246,17.416666666666668,0,,,,cat_172500,,,1,1.8,0,,1.8,,,1,cat_480951,Alkoholische Getränke,jonaskrauss,Innen 10,2021,8,2,31,1,summer,False,,False,False,False,7,,,,,,24.96,0,1,,,,7.419999999999999,1,7.419999999999999,0,260,,1,,,,,,20.292380952380956,0.0,1.0,,,,3.674285714285714,1.0,3.674285714285714,0.0,254.28571428571428,,1.0,,,,,,16.486666666666668,0,1,,,,1.5,1,1.5,0,246,,1,cat_480951,Cola,Speisen,cat_172500,Innen 1,jonaskrauss,1,7,3,1,3,1,,,,,,0.23198900281497503,0,0,,,,0.7360688599428283,0,0.7360688599428283,0,-0.9939238969025975,,0,,,,,,2.9672126303402653,0.0,0.0,,,,2.19179422044176,0.0,2.19179422044176,0.0,4.423960733486292,,0.0,0.0,0.0,0.0,0.0,0.0,142.04666666666668,0,7,0.0,0.0,0.0,25.72,7,25.72,0,1780,0.0,7,1,0.0499999999999999,,20.5,12.2,0.1662499999999999,79.38125000000001,,16.041666666666668,,237.33333333333331,,8.779166666666667,0.0499999999999999,,20.5,12.2,0.1662499999999999,79.38125000000001,,16.041666666666668,,237.33333333333331,,8.779166666666667,0.0499999999999999,,20.5,12.2,0.1662499999999999,79.38125000000001,,16.041666666666668,,237.33333333333331,,8.779166666666667,,,,,,,,,,,,,,,,,,,,,,,,,0.0499999999999999,0.0,20.5,12.2,0.1662499999999999,79.38125000000001,0.0,16.041666666666668,0.0,237.33333333333331,0.0,8.779166666666667
41,1,Worschtsalat,,2021-08-02,260,24.96,0,,,,cat_172500,,,1,7.419999999999999,0,,7.419999999999999,,,1,cat_480951,Speisen,jonaskrauss,Innen 1,2021,8,2,31,1,summer,False,,False,False,False,7,,,,,,24.96,0,1,,,,7.419999999999999,1,7.419999999999999,0,260,,1,,,,,,20.292380952380956,0.0,1.0,,,,3.674285714285714,1.0,3.674285714285714,0.0,254.28571428571428,,1.0,,,,,,16.486666666666668,0,1,,,,1.5,1,1.5,0,246,,1,cat_480951,Cola,Speisen,cat_172500,Innen 1,jonaskrauss,1,7,3,1,3,1,,,,,,0.23198900281497503,0,0,,,,0.7360688599428283,0,0.7360688599428283,0,-0.9939238969025975,,0,,,,,,2.9672126303402653,0.0,0.0,,,,2.19179422044176,0.0,2.19179422044176,0.0,4.423960733486292,,0.0,0.0,0.0,0.0,0.0,0.0,142.04666666666668,0,7,0.0,0.0,0.0,25.72,7,25.72,0,1780,0.0,7,1,0.0499999999999999,,20.5,12.2,0.1662499999999999,79.38125000000001,,16.041666666666668,,237.33333333333331,,8.779166666666667,0.0499999999999999,,20.5,12.2,0.1662499999999999,79.38125000000001,,16.041666666666668,,237.33333333333331,,8.779166666666667,0.0499999999999999,,20.5,12.2,0.1662499999999999,79.38125000000001,,16.041666666666668,,237.33333333333331,,8.779166666666667,,,,,,,,,,,,,,,,,,,,,,,,,0.0499999999999999,0.0,20.5,12.2,0.1662499999999999,79.38125000000001,0.0,16.041666666666668,0.0,237.33333333333331,0.0,8.779166666666667
42,1,Cola,,2021-08-03,254,16.486666666666668,0,,,,cat_172500,,,1,1.8,0,,1.8,,,1,cat_480951,Alkoholfreie Getränke,jonaskrauss,Innen 5,2021,8,3,31,2,summer,False,,False,False,False,7,,,,,,24.96,0,1,,,,7.419999999999999,1,7.419999999999999,0,260,,1,,,,,,20.292380952380956,0.0,1.0,,,,3.674285714285714,1.0,3.674285714285714,0.0,254.28571428571428,,1.0,,,,,,16.486666666666668,0,1,,,,1.5,1,1.5,0,246,,1,cat_480951,Cola,Speisen,cat_172500,Innen 1,jonaskrauss,1,7,3,1,3,1,,,,,,0.23198900281497503,0,0,,,,0.7360688599428283,0,0.7360688599428283,0,-0.9939238969025975,,0,,,,,,2.9672126303402653,0.0,0.0,,,,2.19179422044176,0.0,2.19179422044176,0.0,4.423960733486292,,0.0,0.0,0.0,0.0,0.0,0.0,142.04666666666668,0,7,0.0,0.0,0.0,25.72,7,25.72,0,1780,0.0,7,1,0.0499999999999999,,19.7,12.4,0.1154166666666666,88.31708333333334,,14.975,,178.41666666666666,,6.658333333333334,0.0499999999999999,,19.7,12.4,0.1154166666666666,88.31708333333334,,14.975,,178.41666666666666,,6.658333333333334,0.0499999999999999,,19.7,12.4,0.1154166666666666,88.31708333333334,,14.975,,178.41666666666666,,6.658333333333334,,,,,,,,,,,,,,,,,,,,,,,,,0.0499999999999999,0.0,19.7,12.4,0.1154166666666666,88.31708333333334,0.0,14.975,0.0,178.41666666666666,0.0,6.658333333333334
43,1,Cola Bacardi,,2021-08-03,255,18.58,0,,,,cat_172500,,,1,3.5,0,,3.5,,,1,cat_480951,Alkoholische Getränke,jonaskrauss,Innen 10,2021,8,3,31,2,summer,False,,False,False,False,7,,,,,,24.96,0,1,,,,7.419999999999999,1,7.419999999999999,0,260,,1,,,,,,20.292380952380956,0.0,1.0,,,,3.674285714285714,1.0,3.674285714285714,0.0,254.28571428571428,,1.0,,,,,,16.486666666666668,0,1,,,,1.5,1,1.5,0,246,,1,cat_480951,Cola,Speisen,cat_172500,Innen 1,jonaskrauss,1,7,3,1,3,1,,,,,,0.23198900281497503,0,0,,,,0.7360688599428283,0,0.7360688599428283,0,-0.9939238969025975,,0,,,,,,2.9672126303402653,0.0,0.0,,,,2.19179422044176,0.0,2.19179422044176,0.0,4.423960733486292,,0.0,0.0,0.0,0.0,0.0,0.0,142.04666666666668,0,7,0.0,0.0,0.0,25.72,7,25.72,0,1780,0.0,7,1,0.0499999999999999,,19.7,12.4,0.1154166666666666,88.31708333333334,,14.975,,178.41666666666666,,6.658333333333334,0.0499999999999999,,19.7,12.4,0.1154166666666666,88.31708333333334,,14.975,,178.41666666666666,,6.658333333333334,0.0499999999999999,,19.7,12.4,0.1154166666666666,88.31708333333334,,14.975,,178.41666666666666,,6.658333333333334,,,,,,,,,,,,,,,,,,,,,,,,,0.0499999999999999,0.0,19.7,12.4,0.1154166666666666,88.31708333333334,0.0,14.975,0.0,178.41666666666666,0.0,6.658333333333334
44,1,Schnitzel,,2021-08-03,256,21.916666666666668,0,,,,cat_172500,,,1,4.5,0,,4.5,,,1,cat_480951,Speisen,jonaskrauss,Innen 1,2021,8,3,31,2,summer,False,,False,False,False,7,,,,,,24.96,0,1,,,,7.419999999999999,1,7.419999999999999,0,260,,1,,,,,,20.292380952380956,0.0,1.0,,,,3.674285714285714,1.0,3.674285714285714,0.0,254.28571428571428,,1.0,,,,,,16.486666666666668,0,1,,,,1.5,1,1.5,0,246,,1,cat_480951,Cola,Speisen,cat_172500,Innen 1,jonaskrauss,1,7,3,1,3,1,,,,,,0.23198900281497503,0,0,,,,0.7360688599428283,0,0.7360688599428283,0,-0.9939238969025975,,0,,,,,,2.9672126303402653,0.0,0.0,,,,2.19179422044176,0.0,2.19179422044176,0.0,4.423960733486292,,0.0,0.0,0.0,0.0,0.0,0.0,142.04666666666668,0,7,0.0,0.0,0.0,25.72,7,25.72,0,1780,0.0,7,1,0.0499999999999999,,19.7,12.4,0.1154166666666666,88.31708333333334,,14.975,,178.41666666666666,,6.658333333333334,0.0499999999999999,,19.7,12.4,0.1154166666666666,88.31708333333334,,14.975,,178.41666666666666,,6.658333333333334,0.0499999999999999,,19.7,12.4,0.1154166666666666,88.31708333333334,,14.975,,178.41666666666666,,6.658333333333334,,,,,,,,,,,,,,,,,,,,,,,,,0.0499999999999999,0.0,19.7,12.4,0.1154166666666666,88.31708333333334,0.0,14.975,0.0,178.41666666666666,0.0,6.658333333333334
45,1,Soda Zitrone,,2021-08-03,257,20.84,0,,,,cat_172500,,,1,1.5,0,,1.5,,,1,cat_480951,Alkoholfreie Getränke,jonaskrauss,Innen 1,2021,8,3,31,2,summer,False,,False,False,False,7,,,,,,24.96,0,1,,,,7.419999999999999,1,7.419999999999999,0,260,,1,,,,,,20.292380952380956,0.0,1.0,,,,3.674285714285714,1.0,3.674285714285714,0.0,254.28571428571428,,1.0,,,,,,16.486666666666668,0,1,,,,1.5,1,1.5,0,246,,1,cat_480951,Cola,Speisen,cat_172500,Innen 1,jonaskrauss,1,7,3,1,3,1,,,,,,0.23198900281497503,0,0,,,,0.7360688599428283,0,0.7360688599428283,0,-0.9939238969025975,,0,,,,,,2.9672126303402653,0.0,0.0,,,,2.19179422044176,0.0,2.19179422044176,0.0,4.423960733486292,,0.0,0.0,0.0,0.0,0.0,0.0,142.04666666666668,0,7,0.0,0.0,0.0,25.72,7,25.72,0,1780,0.0,7,1,0.0499999999999999,,19.7,12.4,0.1154166666666666,88.31708333333334,,14.975,,178.41666666666666,,6.658333333333334,0.0499999999999999,,19.7,12.4,0.1154166666666666,88.31708333333334,,14.975,,178.41666666666666,,6.658333333333334,0.0499999999999999,,19.7,12.4,0.1154166666666666,88.31708333333334,,14.975,,178.41666666666666,,6.658333333333334,,,,,,,,,,,,,,,,,,,,,,,,,0.0499999999999999,0.0,19.7,12.4,0.1154166666666666,88.31708333333334,0.0,14.975,0.0,178.41666666666666,0.0,6.658333333333334
46,1,Spaghetti,,2021-08-03,252,21.846666666666664,0,,,,cat_172500,,,1,5.2,0,,5.2,,,1,cat_480951,Speisen,jonaskrauss,Innen 5,2021,8,3,31,2,summer,False,,False,False,False,7,,,,,,24.96,0,1,,,,7.419999999999999,1,7.419999999999999,0,260,,1,,,,,,20.292380952380956,0.0,1.0,,,,3.674285714285714,1.0,3.674285714285714,0.0,254.28571428571428,,1.0,,,,,,16.486666666666668,0,1,,,,1.5,1,1.5,0,246,,1,cat_480951,Cola,Speisen,cat_172500,Innen 1,jonaskrauss,1,7,3,1,3,1,,,,,,0.23198900281497503,0,0,,,,0.7360688599428283,0,0.7360688599428283,0,-0.9939238969025975,,0,,,,,,2.9672126303402653,0.0,0.0,,,,2.19179422044176,0.0,2.19179422044176,0.0,4.423960733486292,,0.0,0.0,0.0,0.0,0.0,0.0,142.04666666666668,0,7,0.0,0.0,0.0,25.72,7,25.72,0,1780,0.0,7,1,0.0499999999999999,,19.7,12.4,0.1154166666666666,88.31708333333334,,14.975,,178.41666666666666,,6.658333333333334,0.0499999999999999,,19.7,12.4,0.1154166666666666,88.31708333333334,,14.975,,178.41666666666666,,6.658333333333334,0.0499999999999999,,19.7,12.4,0.1154166666666666,88.31708333333334,,14.975,,178.41666666666666,,6.658333333333334,,,,,,,,,,,,,,,,,,,,,,,,,0.0499999999999999,0.0,19.7,12.4,0.1154166666666666,88.31708333333334,0.0,14.975,0.0,178.41666666666666,0.0,6.658333333333334
47,1,"Spritzer 0,25l",,2021-08-03,246,17.416666666666668,0,,,,cat_172500,,,1,1.8,0,,1.8,,,1,cat_480951,Alkoholische Getränke,jonaskrauss,Innen 10,2021,8,3,31,2,summer,False,,False,False,False,7,,,,,,24.96,0,1,,,,7.419999999999999,1,7.419999999999999,0,260,,1,,,,,,20.292380952380956,0.0,1.0,,,,3.674285714285714,1.0,3.674285714285714,0.0,254.28571428571428,,1.0,,,,,,16.486666666666668,0,1,,,,1.5,1,1.5,0,246,,1,cat_480951,Cola,Speisen,cat_172500,Innen 1,jonaskrauss,1,7,3,1,3,1,,,,,,0.23198900281497503,0,0,,,,0.7360688599428283,0,0.7360688599428283,0,-0.9939238969025975,,0,,,,,,2.9672126303402653,0.0,0.0,,,,2.19179422044176,0.0,2.19179422044176,0.0,4.423960733486292,,0.0,0.0,0.0,0.0,0.0,0.0,142.04666666666668,0,7,0.0,0.0,0.0,25.72,7,25.72,0,1780,0.0,7,1,0.0499999999999999,,19.7,12.4,0.1154166666666666,88.31708333333334,,14.975,,178.41666666666666,,6.658333333333334,0.0499999999999999,,19.7,12.4,0.1154166666666666,88.31708333333334,,14.975,,178.41666666666666,,6.658333333333334,0.0499999999999999,,19.7,12.4,0.1154166666666666,88.31708333333334,,14.975,,178.41666666666666,,6.658333333333334,,,,,,,,,,,,,,,,,,,,,,,,,0.0499999999999999,0.0,19.7,12.4,0.1154166666666666,88.31708333333334,0.0,14.975,0.0,178.41666666666666,0.0,6.658333333333334
48,1,Worschtsalat,,2021-08-03,260,24.96,0,,,,cat_172500,,,1,7.419999999999999,0,,7.419999999999999,,,1,cat_480951,Speisen,jonaskrauss,Innen 1,2021,8,3,31,2,summer,False,,False,False,False,7,,,,,,24.96,0,1,,,,7.419999999999999,1,7.419999999999999,0,260,,1,,,,,,20.292380952380956,0.0,1.0,,,,3.674285714285714,1.0,3.674285714285714,0.0,254.28571428571428,,1.0,,,,,,16.486666666666668,0,1,,,,1.5,1,1.5,0,246,,1,cat_480951,Cola,Speisen,cat_172500,Innen 1,jonaskrauss,1,7,3,1,3,1,,,,,,0.23198900281497503,0,0,,,,0.7360688599428283,0,0.7360688599428283,0,-0.9939238969025975,,0,,,,,,2.9672126303402653,0.0,0.0,,,,2.19179422044176,0.0,2.19179422044176,0.0,4.423960733486292,,0.0,0.0,0.0,0.0,0.0,0.0,142.04666666666668,0,7,0.0,0.0,0.0,25.72,7,25.72,0,1780,0.0,7,1,0.0499999999999999,,19.7,12.4,0.1154166666666666,88.31708333333334,,14.975,,178.41666666666666,,6.658333333333334,0.0499999999999999,,19.7,12.4,0.1154166666666666,88.31708333333334,,14.975,,178.41666666666666,,6.658333333333334,0.0499999999999999,,19.7,12.4,0.1154166666666666,88.31708333333334,,14.975,,178.41666666666666,,6.658333333333334,,,,,,,,,,,,,,,,,,,,,,,,,0.0499999999999999,0.0,19.7,12.4,0.1154166666666666,88.31708333333334,0.0,14.975,0.0,178.41666666666666,0.0,6.658333333333334
