Address,Date time,Latitude,Longitude,Resolved Address,Name,Wind Direction,Temperature,Wind Speed,Cloud Cover,Heat Index,Chance Precipitation (%),Precipitation,Sea Level Pressure,Snow Depth,Snow,Relative Humidity,Wind Gust,Wind Chill,Conditions
"50.0826,8.2493","09/19/2021 05:00:00",50.0826,8.2493,"50.0826,8.2493","50.0826,8.2493",38.7,12.3,4.7,16.0,,0.0,0.0,1015.0,0.0,0.0,94.9,12.2,,"Clear"
"50.0826,8.2493","09/19/2021 06:00:00",50.0826,8.2493,"50.0826,8.2493","50.0826,8.2493",38.7,12.1,4.7,3.0,,0.0,0.0,1015.0,0.0,0.0,95.5,11.9,,"Clear"
"50.0826,8.2493","09/19/2021 07:00:00",50.0826,8.2493,"50.0826,8.2493","50.0826,8.2493",33.7,11.8,4.0,0.0,,0.0,0.0,1015.0,0.0,0.0,96.1,11.5,,"Clear"
"50.0826,8.2493","09/19/2021 08:00:00",50.0826,8.2493,"50.0826,8.2493","50.0826,8.2493",33.7,12.1,4.0,3.0,,0.0,0.0,1015.0,0.0,0.0,94.8,10.8,,"Clear"
"50.0826,8.2493","09/19/2021 09:00:00",50.0826,8.2493,"50.0826,8.2493","50.0826,8.2493",50.9,13.9,7.6,22.0,,0.0,0.0,1014.0,0.0,0.0,85.0,15.8,,"Clear"
"50.0826,8.2493","09/19/2021 10:00:00",50.0826,8.2493,"50.0826,8.2493","50.0826,8.2493",64.7,15.5,15.1,30.0,,0.0,0.0,1014.0,0.0,0.0,74.3,28.4,,"Partially cloudy"
"50.0826,8.2493","09/19/2021 11:00:00",50.0826,8.2493,"50.0826,8.2493","50.0826,8.2493",72.0,16.5,16.2,43.0,,0.0,0.0,1014.0,0.0,0.0,65.5,32.4,,"Partially cloudy"
"50.0826,8.2493","09/19/2021 12:00:00",50.0826,8.2493,"50.0826,8.2493","50.0826,8.2493",69.8,17.7,14.4,56.0,,0.0,0.0,1014.0,0.0,0.0,60.4,32.0,,"Partially cloudy"
"50.0826,8.2493","09/19/2021 13:00:00",50.0826,8.2493,"50.0826,8.2493","50.0826,8.2493",70.6,18.3,14.0,62.0,,0.0,0.0,1014.0,0.0,0.0,57.2,28.4,,"Partially cloudy"
"50.0826,8.2493","09/19/2021 14:00:00",50.0826,8.2493,"50.0826,8.2493","50.0826,8.2493",78.4,18.9,12.6,74.0,,0.0,0.0,1014.0,0.0,0.0,55.4,26.6,,"Partially cloudy"
"50.0826,8.2493","09/19/2021 15:00:00",50.0826,8.2493,"50.0826,8.2493","50.0826,8.2493",72.2,19.6,10.4,58.0,,0.0,0.0,1014.0,0.0,0.0,59.5,23.8,,"Partially cloudy"
"50.0826,8.2493","09/19/2021 16:00:00",50.0826,8.2493,"50.0826,8.2493","50.0826,8.2493",66.8,19.7,10.8,84.0,,0.0,0.0,1014.0,0.0,0.0,63.4,20.2,,"Overcast"
"50.0826,8.2493","09/19/2021 17:00:00",50.0826,8.2493,"50.0826,8.2493","50.0826,8.2493",69.4,19.4,9.4,72.0,,0.0,0.0,1014.0,0.0,0.0,64.8,20.5,,"Partially cloudy"
"50.0826,8.2493","09/19/2021 18:00:00",50.0826,8.2493,"50.0826,8.2493","50.0826,8.2493",67.2,19.0,7.6,86.0,,0.0,0.0,1014.0,0.0,0.0,67.5,18.0,,"Overcast"
"50.0826,8.2493","09/19/2021 19:00:00",50.0826,8.2493,"50.0826,8.2493","50.0826,8.2493",51.7,17.9,8.6,91.0,,0.0,0.0,1014.0,0.0,0.0,67.4,13.0,,"Overcast"
"50.0826,8.2493","09/19/2021 20:00:00",50.0826,8.2493,"50.0826,8.2493","50.0826,8.2493",45.0,16.5,8.3,89.0,,0.0,0.0,1015.0,0.0,0.0,67.9,16.9,,"Overcast"
"50.0826,8.2493","09/19/2021 21:00:00",50.0826,8.2493,"50.0826,8.2493","50.0826,8.2493",50.5,15.5,7.9,91.0,,0.0,0.0,1015.0,0.0,0.0,69.6,16.6,,"Overcast"
"50.0826,8.2493","09/19/2021 22:00:00",50.0826,8.2493,"50.0826,8.2493","50.0826,8.2493",41.2,15.0,7.6,90.0,,0.0,0.0,1016.0,0.0,0.0,70.9,15.5,,"Overcast"
"50.0826,8.2493","09/19/2021 23:00:00",50.0826,8.2493,"50.0826,8.2493","50.0826,8.2493",45.0,14.5,7.6,98.0,,0.0,0.0,1016.0,0.0,0.0,72.4,15.5,,"Overcast"
"50.0826,8.2493","09/20/2021 00:00:00",50.0826,8.2493,"50.0826,8.2493","50.0826,8.2493",50.2,13.9,8.3,100.0,,0.0,0.0,1016.0,0.0,0.0,73.3,15.8,,"Overcast"
"50.0826,8.2493","09/20/2021 01:00:00",50.0826,8.2493,"50.0826,8.2493","50.0826,8.2493",47.0,13.5,7.6,100.0,,0.0,0.0,1016.0,0.0,0.0,75.8,15.5,,"Overcast"
"50.0826,8.2493","09/20/2021 02:00:00",50.0826,8.2493,"50.0826,8.2493","50.0826,8.2493",30.3,13.0,5.0,99.0,,0.0,0.0,1016.0,0.0,0.0,78.9,13.7,,"Overcast"
"50.0826,8.2493","09/20/2021 03:00:00",50.0826,8.2493,"50.0826,8.2493","50.0826,8.2493",31.0,12.7,4.3,99.0,,0.0,0.0,1017.0,0.0,0.0,80.5,11.5,,"Overcast"
"50.0826,8.2493","09/20/2021 04:00:00",50.0826,8.2493,"50.0826,8.2493","50.0826,8.2493",20.6,12.3,3.2,100.0,,0.0,0.0,1017.0,0.0,0.0,84.0,10.1,,"Overcast"
"50.0826,8.2493","09/20/2021 05:00:00",50.0826,8.2493,"50.0826,8.2493","50.0826,8.2493",11.3,12.0,1.8,91.0,,0.0,0.0,1017.0,0.0,0.0,88.9,8.3,,"Overcast"
"50.0826,8.2493","09/20/2021 06:00:00",50.0826,8.2493,"50.0826,8.2493","50.0826,8.2493",33.7,11.7,1.4,85.0,,0.0,0.0,1018.0,0.0,0.0,90.4,8.3,,"Overcast"
"50.0826,8.2493","09/20/2021 07:00:00",50.0826,8.2493,"50.0826,8.2493","50.0826,8.2493",90.0,11.3,1.8,76.0,,0.0,0.0,1018.0,0.0,0.0,91.3,5.8,,"Overcast"
"50.0826,8.2493","09/20/2021 08:00:00",50.0826,8.2493,"50.0826,8.2493","50.0826,8.2493",76.0,11.2,1.4,68.0,,0.0,0.0,1018.0,0.0,0.0,87.1,5.4,,"Partially cloudy"
"50.0826,8.2493","09/20/2021 09:00:00",50.0826,8.2493,"50.0826,8.2493","50.0826,8.2493",68.2,12.5,1.8,76.0,,0.0,0.0,1018.0,0.0,0.0,77.8,5.0,9.2,"Overcast"
"50.0826,8.2493","09/20/2021 10:00:00",50.0826,8.2493,"50.0826,8.2493","50.0826,8.2493",63.4,13.7,7.2,83.0,,0.0,0.0,1019.0,0.0,0.0,69.8,13.0,,"Overcast"
"50.0826,8.2493","09/20/2021 11:00:00",50.0826,8.2493,"50.0826,8.2493","50.0826,8.2493",68.2,14.7,9.7,87.0,,0.0,0.0,1019.0,0.0,0.0,63.7,18.0,,"Overcast"
"50.0826,8.2493","09/20/2021 12:00:00",50.0826,8.2493,"50.0826,8.2493","50.0826,8.2493",76.5,15.6,9.4,74.0,,0.0,0.0,1019.0,0.0,0.0,57.7,17.6,,"Partially cloudy"
"50.0826,8.2493","09/20/2021 13:00:00",50.0826,8.2493,"50.0826,8.2493","50.0826,8.2493",80.1,17.0,8.3,52.0,,0.0,0.0,1019.0,0.0,0.0,52.5,17.3,,"Partially cloudy"
"50.0826,8.2493","09/20/2021 14:00:00",50.0826,8.2493,"50.0826,8.2493","50.0826,8.2493",68.7,18.0,6.8,40.0,,0.0,0.0,1019.0,0.0,0.0,48.7,16.6,,"Partially cloudy"
"50.0826,8.2493","09/20/2021 15:00:00",50.0826,8.2493,"50.0826,8.2493","50.0826,8.2493",69.4,18.6,6.1,52.0,,4.8,0.0,1019.0,0.0,0.0,47.0,14.4,,"Partially cloudy"
"50.0826,8.2493","09/20/2021 16:00:00",50.0826,8.2493,"50.0826,8.2493","50.0826,8.2493",67.4,18.6,4.7,65.0,,4.8,0.0,1019.0,0.0,0.0,47.0,13.3,,"Partially cloudy"
"50.0826,8.2493","09/20/2021 17:00:00",50.0826,8.2493,"50.0826,8.2493","50.0826,8.2493",63.4,18.7,4.0,69.0,,4.8,0.0,1019.0,0.0,0.0,48.2,9.0,,"Partially cloudy"
"50.0826,8.2493","09/20/2021 18:00:00",50.0826,8.2493,"50.0826,8.2493","50.0826,8.2493",49.8,18.3,6.1,72.0,,4.8,0.0,1019.0,0.0,0.0,55.4,11.2,,"Partially cloudy"
"50.0826,8.2493","09/20/2021 19:00:00",50.0826,8.2493,"50.0826,8.2493","50.0826,8.2493",55.7,16.9,9.7,45.0,,4.8,0.0,1020.0,0.0,0.0,67.0,14.0,,"Partially cloudy"
"50.0826,8.2493","09/20/2021 20:00:00",50.0826,8.2493,"50.0826,8.2493","50.0826,8.2493",41.2,15.1,4.0,40.0,,4.8,0.0,1021.0,0.0,0.0,71.0,14.0,,"Partially cloudy"
"50.0826,8.2493","09/20/2021 21:00:00",50.0826,8.2493,"50.0826,8.2493","50.0826,8.2493",351.9,13.8,2.5,31.0,,0.0,0.0,1022.0,0.0,0.0,71.9,7.2,,"Partially cloudy"
"50.0826,8.2493","09/20/2021 22:00:00",50.0826,8.2493,"50.0826,8.2493","50.0826,8.2493",319.4,12.6,3.2,40.0,,0.0,0.0,1022.0,0.0,0.0,69.6,6.5,,"Partially cloudy"
"50.0826,8.2493","09/20/2021 23:00:00",50.0826,8.2493,"50.0826,8.2493","50.0826,8.2493",320.2,11.8,2.9,32.0,,0.0,0.0,1023.0,0.0,0.0,69.6,6.1,,"Partially cloudy"
"50.0826,8.2493","09/21/2021 00:00:00",50.0826,8.2493,"50.0826,8.2493","50.0826,8.2493",330.3,11.5,2.9,45.0,,0.0,0.0,1023.0,0.0,0.0,77.0,5.8,,"Partially cloudy"
"50.0826,8.2493","09/21/2021 01:00:00",50.0826,8.2493,"50.0826,8.2493","50.0826,8.2493",315.0,11.2,2.5,56.0,,0.0,0.0,1024.0,0.0,0.0,83.3,5.8,,"Partially cloudy"
"50.0826,8.2493","09/21/2021 02:00:00",50.0826,8.2493,"50.0826,8.2493","50.0826,8.2493",291.8,11.1,1.8,76.0,,0.0,0.0,1024.0,0.0,0.0,85.8,4.7,,"Overcast"
"50.0826,8.2493","09/21/2021 03:00:00",50.0826,8.2493,"50.0826,8.2493","50.0826,8.2493",225.0,11.4,2.2,83.0,,0.0,0.0,1025.0,0.0,0.0,87.3,4.0,,"Overcast"
"50.0826,8.2493","09/21/2021 04:00:00",50.0826,8.2493,"50.0826,8.2493","50.0826,8.2493",341.6,11.5,1.1,80.0,,0.0,0.0,1025.0,0.0,0.0,88.3,4.3,,"Overcast"
"50.0826,8.2493","09/21/2021 05:00:00",50.0826,8.2493,"50.0826,8.2493","50.0826,8.2493",26.6,11.4,0.7,64.0,,0.0,0.0,1025.0,0.0,0.0,88.8,4.0,,"Partially cloudy"
"50.0826,8.2493","09/21/2021 06:00:00",50.0826,8.2493,"50.0826,8.2493","50.0826,8.2493",108.4,11.2,1.1,63.0,,0.0,0.0,1026.0,0.0,0.0,88.9,4.7,,"Partially cloudy"
"50.0826,8.2493","09/21/2021 07:00:00",50.0826,8.2493,"50.0826,8.2493","50.0826,8.2493",63.4,10.9,1.4,76.0,,0.0,0.0,1027.0,0.0,0.0,88.5,4.7,5.5,"Overcast"
"50.0826,8.2493","09/21/2021 08:00:00",50.0826,8.2493,"50.0826,8.2493","50.0826,8.2493",18.4,11.2,1.1,91.0,,0.0,0.0,1027.0,0.0,0.0,85.9,4.3,,"Overcast"
"50.0826,8.2493","09/21/2021 09:00:00",50.0826,8.2493,"50.0826,8.2493","50.0826,8.2493",66.8,12.4,2.9,94.0,,0.0,0.0,1027.0,0.0,0.0,74.3,7.2,,"Overcast"
"50.0826,8.2493","09/21/2021 10:00:00",50.0826,8.2493,"50.0826,8.2493","50.0826,8.2493",71.6,13.5,4.7,97.0,,0.0,0.0,1027.0,0.0,0.0,66.4,10.1,,"Overcast"
"50.0826,8.2493","09/21/2021 11:00:00",50.0826,8.2493,"50.0826,8.2493","50.0826,8.2493",77.5,14.7,6.5,100.0,,0.0,0.0,1027.0,0.0,0.0,60.9,13.0,,"Overcast"
"50.0826,8.2493","09/21/2021 12:00:00",50.0826,8.2493,"50.0826,8.2493","50.0826,8.2493",63.4,15.4,7.2,92.0,,0.0,0.0,1028.0,0.0,0.0,55.2,15.5,,"Overcast"
"50.0826,8.2493","09/21/2021 13:00:00",50.0826,8.2493,"50.0826,8.2493","50.0826,8.2493",50.2,16.2,8.3,84.0,,0.0,0.0,1027.0,0.0,0.0,52.4,18.0,,"Overcast"
"50.0826,8.2493","09/21/2021 14:00:00",50.0826,8.2493,"50.0826,8.2493","50.0826,8.2493",42.0,16.9,9.7,76.0,,0.0,0.0,1027.0,0.0,0.0,49.9,20.5,,"Overcast"
"50.0826,8.2493","09/21/2021 15:00:00",50.0826,8.2493,"50.0826,8.2493","50.0826,8.2493",46.4,16.9,10.4,77.0,,0.0,0.0,1027.0,0.0,0.0,47.5,20.9,,"Overcast"
"50.0826,8.2493","09/21/2021 16:00:00",50.0826,8.2493,"50.0826,8.2493","50.0826,8.2493",49.0,16.9,10.8,79.0,,0.0,0.0,1027.0,0.0,0.0,46.2,21.6,,"Overcast"
"50.0826,8.2493","09/21/2021 17:00:00",50.0826,8.2493,"50.0826,8.2493","50.0826,8.2493",52.4,16.9,11.9,80.0,,0.0,0.0,1027.0,0.0,0.0,46.7,22.0,,"Overcast"
"50.0826,8.2493","09/21/2021 18:00:00",50.0826,8.2493,"50.0826,8.2493","50.0826,8.2493",48.0,15.7,9.7,62.0,,0.0,0.0,1027.0,0.0,0.0,54.9,18.7,,"Partially cloudy"
"50.0826,8.2493","09/21/2021 19:00:00",50.0826,8.2493,"50.0826,8.2493","50.0826,8.2493",40.9,14.6,7.2,43.0,,0.0,0.0,1028.0,0.0,0.0,65.1,15.8,,"Partially cloudy"
"50.0826,8.2493","09/21/2021 20:00:00",50.0826,8.2493,"50.0826,8.2493","50.0826,8.2493",28.3,13.4,5.4,25.0,,0.0,0.0,1028.0,0.0,0.0,67.9,12.6,,"Clear"
"50.0826,8.2493","09/21/2021 21:00:00",50.0826,8.2493,"50.0826,8.2493","50.0826,8.2493",15.3,12.3,4.0,17.0,,0.0,0.0,1029.0,0.0,0.0,70.0,10.4,,"Clear"
"50.0826,8.2493","09/21/2021 22:00:00",50.0826,8.2493,"50.0826,8.2493","50.0826,8.2493",346.0,11.1,2.9,8.0,,0.0,0.0,1029.0,0.0,0.0,71.0,8.6,,"Clear"
"50.0826,8.2493","09/21/2021 23:00:00",50.0826,8.2493,"50.0826,8.2493","50.0826,8.2493",315.0,10.0,2.9,0.0,,0.0,0.0,1029.0,0.0,0.0,76.4,6.5,,"Clear"
"50.0826,8.2493","09/22/2021 00:00:00",50.0826,8.2493,"50.0826,8.2493","50.0826,8.2493",315.0,9.7,2.5,3.0,,0.0,0.0,1030.0,0.0,0.0,79.3,5.8,,"Clear"
"50.0826,8.2493","09/22/2021 01:00:00",50.0826,8.2493,"50.0826,8.2493","50.0826,8.2493",321.3,9.5,2.2,7.0,,0.0,0.0,1029.0,0.0,0.0,81.6,5.0,,"Clear"
"50.0826,8.2493","09/22/2021 02:00:00",50.0826,8.2493,"50.0826,8.2493","50.0826,8.2493",323.1,9.2,1.8,10.0,,0.0,0.0,1029.0,0.0,0.0,82.9,4.3,,"Clear"
"50.0826,8.2493","09/22/2021 03:00:00",50.0826,8.2493,"50.0826,8.2493","50.0826,8.2493",333.4,8.8,1.4,28.0,,0.0,0.0,1029.0,0.0,0.0,82.5,4.3,,"Partially cloudy"
"50.0826,8.2493","09/22/2021 04:00:00",50.0826,8.2493,"50.0826,8.2493","50.0826,8.2493",338.2,8.5,1.8,46.0,,0.0,0.0,1029.0,0.0,0.0,83.9,4.3,,"Partially cloudy"
"50.0826,8.2493","09/22/2021 05:00:00",50.0826,8.2493,"50.0826,8.2493","50.0826,8.2493",348.7,8.1,1.8,64.0,,0.0,0.0,1028.0,0.0,0.0,83.0,4.3,,"Partially cloudy"
"50.0826,8.2493","09/22/2021 06:00:00",50.0826,8.2493,"50.0826,8.2493","50.0826,8.2493",323.1,8.0,1.8,49.0,,0.0,0.0,1028.0,0.0,0.0,84.0,3.6,,"Partially cloudy"
"50.0826,8.2493","09/22/2021 07:00:00",50.0826,8.2493,"50.0826,8.2493","50.0826,8.2493",315.0,7.9,2.2,33.0,,0.0,0.0,1028.0,0.0,0.0,85.3,3.2,,"Partially cloudy"
"50.0826,8.2493","09/22/2021 08:00:00",50.0826,8.2493,"50.0826,8.2493","50.0826,8.2493",296.6,7.8,2.5,18.0,,0.0,0.0,1028.0,0.0,0.0,82.6,2.5,,"Clear"
"50.0826,8.2493","09/22/2021 09:00:00",50.0826,8.2493,"50.0826,8.2493","50.0826,8.2493",33.7,9.9,1.4,12.0,,0.0,0.0,1028.0,0.0,0.0,73.3,6.1,,"Clear"
"50.0826,8.2493","09/22/2021 10:00:00",50.0826,8.2493,"50.0826,8.2493","50.0826,8.2493",70.0,12.0,4.3,6.0,,0.0,0.0,1028.0,0.0,0.0,65.0,9.4,,"Clear"
"50.0826,8.2493","09/22/2021 11:00:00",50.0826,8.2493,"50.0826,8.2493","50.0826,8.2493",78.1,14.1,6.8,0.0,,0.0,0.0,1028.0,0.0,0.0,57.7,13.0,,"Clear"
"50.0826,8.2493","09/22/2021 12:00:00",50.0826,8.2493,"50.0826,8.2493","50.0826,8.2493",83.3,15.3,6.1,0.0,,0.0,0.0,1027.0,0.0,0.0,53.2,13.7,,"Clear"
"50.0826,8.2493","09/22/2021 13:00:00",50.0826,8.2493,"50.0826,8.2493","50.0826,8.2493",90.0,16.4,5.8,0.0,,0.0,0.0,1026.0,0.0,0.0,49.0,14.4,,"Clear"
"50.0826,8.2493","09/22/2021 14:00:00",50.0826,8.2493,"50.0826,8.2493","50.0826,8.2493",98.1,17.6,5.0,0.0,,0.0,0.0,1025.0,0.0,0.0,45.9,15.1,,"Clear"
"50.0826,8.2493","09/22/2021 15:00:00",50.0826,8.2493,"50.0826,8.2493","50.0826,8.2493",109.7,17.8,5.4,0.0,,0.0,0.0,1025.0,0.0,0.0,43.7,14.0,,"Clear"
"50.0826,8.2493","09/22/2021 16:00:00",50.0826,8.2493,"50.0826,8.2493","50.0826,8.2493",118.3,18.1,5.4,0.0,,0.0,0.0,1024.0,0.0,0.0,43.2,13.3,,"Clear"
"50.0826,8.2493","09/22/2021 17:00:00",50.0826,8.2493,"50.0826,8.2493","50.0826,8.2493",127.6,18.3,5.8,0.0,,0.0,0.0,1023.0,0.0,0.0,44.2,12.2,,"Clear"
"50.0826,8.2493","09/22/2021 18:00:00",50.0826,8.2493,"50.0826,8.2493","50.0826,8.2493",131.6,17.1,4.3,0.0,,0.0,0.0,1023.0,0.0,0.0,54.2,9.7,,"Clear"
"50.0826,8.2493","09/22/2021 19:00:00",50.0826,8.2493,"50.0826,8.2493","50.0826,8.2493",144.5,16.0,3.2,0.0,,0.0,0.0,1023.0,0.0,0.0,62.7,7.2,,"Clear"
"50.0826,8.2493","09/22/2021 20:00:00",50.0826,8.2493,"50.0826,8.2493","50.0826,8.2493",168.7,14.8,1.8,0.0,,0.0,0.0,1023.0,0.0,0.0,66.0,4.7,,"Clear"
"50.0826,8.2493","09/22/2021 21:00:00",50.0826,8.2493,"50.0826,8.2493","50.0826,8.2493",194.0,13.8,1.4,0.0,,0.0,0.0,1023.0,0.0,0.0,67.3,4.0,,"Clear"
"50.0826,8.2493","09/22/2021 22:00:00",50.0826,8.2493,"50.0826,8.2493","50.0826,8.2493",225.0,12.9,2.2,0.0,,0.0,0.0,1023.0,0.0,0.0,68.1,3.2,,"Clear"
"50.0826,8.2493","09/22/2021 23:00:00",50.0826,8.2493,"50.0826,8.2493","50.0826,8.2493",243.4,11.9,2.5,0.0,,0.0,0.0,1023.0,0.0,0.0,69.0,2.5,,"Clear"
"50.0826,8.2493","09/23/2021 00:00:00",50.0826,8.2493,"50.0826,8.2493","50.0826,8.2493",230.2,10.8,2.9,7.0,,0.0,0.0,1023.0,0.0,0.0,70.5,3.2,,"Clear"
"50.0826,8.2493","09/23/2021 01:00:00",50.0826,8.2493,"50.0826,8.2493","50.0826,8.2493",225.0,9.8,3.6,13.0,,0.0,0.0,1022.0,0.0,0.0,72.4,4.0,,"Clear"
"50.0826,8.2493","09/23/2021 02:00:00",50.0826,8.2493,"50.0826,8.2493","50.0826,8.2493",217.9,8.7,4.0,20.0,,0.0,0.0,1022.0,0.0,0.0,73.0,4.7,7.8,"Clear"
"50.0826,8.2493","09/23/2021 03:00:00",50.0826,8.2493,"50.0826,8.2493","50.0826,8.2493",185.4,8.1,6.1,2.0,,0.0,0.0,1021.0,0.0,0.0,74.8,5.8,7.2,"Clear"
"50.0826,8.2493","09/23/2021 04:00:00",50.0826,8.2493,"50.0826,8.2493","50.0826,8.2493",200.7,7.6,4.3,0.0,,0.0,0.0,1021.0,0.0,0.0,77.6,4.3,,"Clear"
"50.0826,8.2493","09/23/2021 05:00:00",50.0826,8.2493,"50.0826,8.2493","50.0826,8.2493",275.0,7.0,1.4,61.4,,0.0,0.0,1021.0,0.0,0.0,80.5,1.8,,"Partially cloudy"
"50.0826,8.2493","09/23/2021 06:00:00",50.0826,8.2493,"50.0826,8.2493","50.0826,8.2493",197.7,7.1,4.3,90.8,,0.0,0.0,1020.0,0.0,0.0,79.8,4.3,,"Overcast"
"50.0826,8.2493","09/23/2021 07:00:00",50.0826,8.2493,"50.0826,8.2493","50.0826,8.2493",291.7,6.8,1.8,68.5,,0.0,0.0,1020.0,0.0,0.0,81.3,2.2,,"Partially cloudy"
"50.0826,8.2493","09/23/2021 08:00:00",50.0826,8.2493,"50.0826,8.2493","50.0826,8.2493",228.5,7.6,3.2,35.4,,0.0,0.0,1020.0,0.0,0.0,78.5,3.2,,"Partially cloudy"
"50.0826,8.2493","09/23/2021 09:00:00",50.0826,8.2493,"50.0826,8.2493","50.0826,8.2493",200.5,10.6,4.7,56.2,,14.3,0.0,1019.0,0.0,0.0,67.5,7.2,,"Partially cloudy"
"50.0826,8.2493","09/23/2021 10:00:00",50.0826,8.2493,"50.0826,8.2493","50.0826,8.2493",268.2,13.4,3.6,84.0,,14.3,0.0,1019.0,0.0,0.0,57.7,6.5,,"Overcast"
"50.0826,8.2493","09/23/2021 11:00:00",50.0826,8.2493,"50.0826,8.2493","50.0826,8.2493",277.1,15.2,5.8,64.0,,14.3,0.0,1018.0,0.0,0.0,52.7,10.8,,"Partially cloudy"
"50.0826,8.2493","09/23/2021 12:00:00",50.0826,8.2493,"50.0826,8.2493","50.0826,8.2493",283.0,16.9,8.3,19.5,,14.3,0.0,1018.0,0.0,0.0,50.9,14.0,,"Clear"
"50.0826,8.2493","09/23/2021 13:00:00",50.0826,8.2493,"50.0826,8.2493","50.0826,8.2493",288.4,17.8,11.2,73.1,,14.3,0.0,1017.0,0.0,0.0,48.7,16.2,,"Partially cloudy"
"50.0826,8.2493","09/23/2021 14:00:00",50.0826,8.2493,"50.0826,8.2493","50.0826,8.2493",288.6,18.4,11.5,90.1,,14.3,0.0,1017.0,0.0,0.0,46.9,17.6,,"Overcast"
"50.0826,8.2493","09/23/2021 15:00:00",50.0826,8.2493,"50.0826,8.2493","50.0826,8.2493",296.2,19.0,11.9,100.0,,4.8,0.0,1016.0,0.0,0.0,45.5,19.4,,"Overcast"
"50.0826,8.2493","09/23/2021 16:00:00",50.0826,8.2493,"50.0826,8.2493","50.0826,8.2493",306.3,18.6,14.4,84.9,,4.8,0.0,1015.0,0.0,0.0,48.9,20.9,,"Overcast"
"50.0826,8.2493","09/23/2021 17:00:00",50.0826,8.2493,"50.0826,8.2493","50.0826,8.2493",308.8,18.0,14.4,100.0,,4.8,0.0,1015.0,0.0,0.0,55.0,22.3,,"Overcast"
"50.0826,8.2493","09/23/2021 18:00:00",50.0826,8.2493,"50.0826,8.2493","50.0826,8.2493",316.4,16.3,12.2,43.5,,4.8,0.0,1015.0,0.0,0.0,65.9,25.6,,"Partially cloudy"
"50.0826,8.2493","09/23/2021 19:00:00",50.0826,8.2493,"50.0826,8.2493","50.0826,8.2493",300.5,14.0,9.4,100.0,,4.8,0.0,1015.0,0.0,0.0,77.3,24.8,,"Overcast"
"50.0826,8.2493","09/23/2021 20:00:00",50.0826,8.2493,"50.0826,8.2493","50.0826,8.2493",298.3,12.1,8.6,98.0,,4.8,0.0,1016.0,0.0,0.0,86.5,27.7,,"Overcast"
"50.0826,8.2493","09/23/2021 21:00:00",50.0826,8.2493,"50.0826,8.2493","50.0826,8.2493",292.1,11.4,7.4,77.0,,19.0,0.0,1016.0,0.0,0.0,89.6,20.2,,"Overcast"
"50.0826,8.2493","09/23/2021 22:00:00",50.0826,8.2493,"50.0826,8.2493","50.0826,8.2493",286.0,10.7,6.2,55.9,,19.0,0.0,1016.0,0.0,0.0,92.7,12.6,,"Partially cloudy"
"50.0826,8.2493","09/23/2021 23:00:00",50.0826,8.2493,"50.0826,8.2493","50.0826,8.2493",279.8,10.0,5.0,34.9,,19.0,0.0,1016.0,0.0,0.0,95.8,5.0,9.7,"Partially cloudy"
"50.0826,8.2493","09/24/2021 00:00:00",50.0826,8.2493,"50.0826,8.2493","50.0826,8.2493",262.9,9.8,5.6,25.1,,19.0,0.0,1016.0,0.0,0.0,96.2,6.6,9.3,"Partially cloudy"
"50.0826,8.2493","09/24/2021 01:00:00",50.0826,8.2493,"50.0826,8.2493","50.0826,8.2493",246.1,9.6,6.2,15.2,,19.0,0.0,1016.0,0.0,0.0,96.7,8.2,8.9,"Clear"
"50.0826,8.2493","09/24/2021 02:00:00",50.0826,8.2493,"50.0826,8.2493","50.0826,8.2493",229.2,9.4,6.8,5.4,,19.0,0.0,1016.0,0.0,0.0,97.1,9.7,8.5,"Clear"
"50.0826,8.2493","09/24/2021 03:00:00",50.0826,8.2493,"50.0826,8.2493","50.0826,8.2493",234.8,9.3,7.7,5.1,,19.0,0.0,1015.3,0.0,0.0,96.2,18.5,8.2,"Clear"
"50.0826,8.2493","09/24/2021 04:00:00",50.0826,8.2493,"50.0826,8.2493","50.0826,8.2493",240.4,9.2,8.5,4.8,,19.0,0.0,1014.7,0.0,0.0,95.4,27.2,8.0,"Clear"
"50.0826,8.2493","09/24/2021 05:00:00",50.0826,8.2493,"50.0826,8.2493","50.0826,8.2493",246.0,9.2,9.4,4.5,,19.0,0.0,1014.0,0.0,0.0,94.5,36.0,7.7,"Clear"
"50.0826,8.2493","09/24/2021 06:00:00",50.0826,8.2493,"50.0826,8.2493","50.0826,8.2493",245.4,9.4,9.8,4.2,,19.0,0.0,1014.0,0.0,0.0,93.7,37.4,7.9,"Clear"
"50.0826,8.2493","09/24/2021 07:00:00",50.0826,8.2493,"50.0826,8.2493","50.0826,8.2493",244.8,9.6,10.3,4.0,,19.0,0.0,1014.0,0.0,0.0,92.9,38.9,8.1,"Clear"
"50.0826,8.2493","09/24/2021 08:00:00",50.0826,8.2493,"50.0826,8.2493","50.0826,8.2493",244.2,9.9,10.8,3.7,,19.0,0.0,1014.0,0.0,0.0,92.1,40.3,8.3,"Clear"
"50.0826,8.2493","09/24/2021 09:00:00",50.0826,8.2493,"50.0826,8.2493","50.0826,8.2493",249.4,11.7,13.3,2.5,,28.6,0.0,1013.7,0.0,0.0,82.1,38.0,,"Clear"
"50.0826,8.2493","09/24/2021 10:00:00",50.0826,8.2493,"50.0826,8.2493","50.0826,8.2493",254.5,13.5,15.8,1.2,,28.6,0.0,1013.3,0.0,0.0,72.0,35.8,,"Clear"
"50.0826,8.2493","09/24/2021 11:00:00",50.0826,8.2493,"50.0826,8.2493","50.0826,8.2493",259.7,15.4,18.4,0.0,,28.6,0.0,1013.0,0.0,0.0,62.0,33.5,,"Clear"
"50.0826,8.2493","09/24/2021 12:00:00",50.0826,8.2493,"50.0826,8.2493","50.0826,8.2493",258.2,16.7,19.1,1.8,,28.6,0.0,1012.3,0.0,0.0,59.0,32.5,,"Clear"
"50.0826,8.2493","09/24/2021 13:00:00",50.0826,8.2493,"50.0826,8.2493","50.0826,8.2493",256.6,17.9,19.8,3.5,,28.6,0.0,1011.7,0.0,0.0,55.9,31.6,,"Clear"
"50.0826,8.2493","09/24/2021 14:00:00",50.0826,8.2493,"50.0826,8.2493","50.0826,8.2493",255.1,19.3,20.5,5.3,,28.6,0.0,1011.0,0.0,0.0,52.9,30.6,,"Clear"
"50.0826,8.2493","09/24/2021 15:00:00",50.0826,8.2493,"50.0826,8.2493","50.0826,8.2493",254.0,19.5,19.8,15.9,,28.6,0.0,1010.7,0.0,0.0,54.0,31.7,,"Clear"
"50.0826,8.2493","09/24/2021 16:00:00",50.0826,8.2493,"50.0826,8.2493","50.0826,8.2493",252.8,19.7,19.1,26.4,,28.6,0.0,1010.3,0.0,0.0,55.1,32.8,,"Partially cloudy"
"50.0826,8.2493","09/24/2021 17:00:00",50.0826,8.2493,"50.0826,8.2493","50.0826,8.2493",251.7,20.0,18.4,37.0,,28.6,0.0,1010.0,0.0,0.0,56.2,33.8,,"Partially cloudy"
"50.0826,8.2493","09/24/2021 18:00:00",50.0826,8.2493,"50.0826,8.2493","50.0826,8.2493",251.0,18.2,16.6,26.3,,28.6,0.0,1010.3,0.0,0.0,63.5,34.7,,"Partially cloudy"
"50.0826,8.2493","09/24/2021 19:00:00",50.0826,8.2493,"50.0826,8.2493","50.0826,8.2493",250.2,16.5,14.8,15.7,,28.6,0.0,1010.7,0.0,0.0,70.7,35.5,,"Clear"
"50.0826,8.2493","09/24/2021 20:00:00",50.0826,8.2493,"50.0826,8.2493","50.0826,8.2493",249.5,14.8,13.0,5.0,,28.6,0.0,1011.0,0.0,0.0,78.0,36.4,,"Clear"
"50.0826,8.2493","09/24/2021 21:00:00",50.0826,8.2493,"50.0826,8.2493","50.0826,8.2493",251.4,14.3,13.4,26.3,,47.5,0.0,1011.3,0.0,0.0,80.2,38.6,,"Partially cloudy"
"50.0826,8.2493","09/24/2021 22:00:00",50.0826,8.2493,"50.0826,8.2493","50.0826,8.2493",253.3,13.8,13.9,47.6,,47.5,0.0,1011.7,0.0,0.0,82.4,40.9,,"Partially cloudy"
"50.0826,8.2493","09/24/2021 23:00:00",50.0826,8.2493,"50.0826,8.2493","50.0826,8.2493",255.2,13.3,14.4,68.9,,47.5,0.0,1012.0,0.0,0.0,84.6,43.2,,"Partially cloudy"
"50.0826,8.2493","09/25/2021 00:00:00",50.0826,8.2493,"50.0826,8.2493","50.0826,8.2493",255.0,12.8,13.8,78.4,,47.5,0.0,1012.0,0.0,0.0,83.0,42.0,,"Overcast"
"50.0826,8.2493","09/25/2021 01:00:00",50.0826,8.2493,"50.0826,8.2493","50.0826,8.2493",254.8,12.4,13.2,88.0,,47.5,0.0,1012.0,0.0,0.0,81.4,40.8,,"Overcast"
"50.0826,8.2493","09/25/2021 02:00:00",50.0826,8.2493,"50.0826,8.2493","50.0826,8.2493",254.6,12.0,12.6,97.5,,47.5,0.0,1012.0,0.0,0.0,79.8,39.6,,"Overcast"
"50.0826,8.2493","09/25/2021 03:00:00",50.0826,8.2493,"50.0826,8.2493","50.0826,8.2493",246.9,11.0,10.7,85.9,,14.3,0.0,1012.3,0.0,0.0,81.8,28.6,,"Overcast"
"50.0826,8.2493","09/25/2021 04:00:00",50.0826,8.2493,"50.0826,8.2493","50.0826,8.2493",239.3,10.1,8.8,74.3,,14.3,0.0,1012.7,0.0,0.0,83.9,17.5,,"Partially cloudy"
"50.0826,8.2493","09/25/2021 05:00:00",50.0826,8.2493,"50.0826,8.2493","50.0826,8.2493",231.6,9.2,6.8,62.7,,14.3,0.0,1013.0,0.0,0.0,85.9,6.5,8.3,"Partially cloudy"
"50.0826,8.2493","09/25/2021 06:00:00",50.0826,8.2493,"50.0826,8.2493","50.0826,8.2493",229.5,9.4,6.1,75.1,,14.3,0.0,1013.7,0.0,0.0,85.4,5.8,8.7,"Overcast"
"50.0826,8.2493","09/25/2021 07:00:00",50.0826,8.2493,"50.0826,8.2493","50.0826,8.2493",227.4,9.6,5.4,87.6,,14.3,0.0,1014.3,0.0,0.0,84.9,5.0,9.1,"Overcast"
"50.0826,8.2493","09/25/2021 08:00:00",50.0826,8.2493,"50.0826,8.2493","50.0826,8.2493",225.3,9.8,4.7,100.0,,14.3,0.0,1015.0,0.0,0.0,84.4,4.3,,"Overcast"
"50.0826,8.2493","09/25/2021 09:00:00",50.0826,8.2493,"50.0826,8.2493","50.0826,8.2493",239.2,11.1,4.8,100.0,,14.3,0.0,1015.3,0.0,0.0,81.0,6.7,,"Overcast"
"50.0826,8.2493","09/25/2021 10:00:00",50.0826,8.2493,"50.0826,8.2493","50.0826,8.2493",253.1,12.4,4.9,100.0,,14.3,0.0,1015.7,0.0,0.0,77.5,9.1,,"Overcast"
"50.0826,8.2493","09/25/2021 11:00:00",50.0826,8.2493,"50.0826,8.2493","50.0826,8.2493",267.0,13.7,5.0,100.0,,14.3,0.0,1016.0,0.0,0.0,74.1,11.5,,"Overcast"
"50.0826,8.2493","09/25/2021 12:00:00",50.0826,8.2493,"50.0826,8.2493","50.0826,8.2493",267.2,14.0,5.8,96.3,,14.3,0.0,1016.0,0.0,0.0,75.0,12.4,,"Overcast"
"50.0826,8.2493","09/25/2021 13:00:00",50.0826,8.2493,"50.0826,8.2493","50.0826,8.2493",267.4,14.3,6.5,92.7,,14.3,0.0,1016.0,0.0,0.0,75.9,13.2,,"Overcast"
"50.0826,8.2493","09/25/2021 14:00:00",50.0826,8.2493,"50.0826,8.2493","50.0826,8.2493",267.6,14.7,7.2,89.0,,14.3,0.0,1016.0,0.0,0.0,76.8,14.0,,"Overcast"
"50.0826,8.2493","09/25/2021 15:00:00",50.0826,8.2493,"50.0826,8.2493","50.0826,8.2493",261.7,15.0,7.4,86.5,,9.5,0.0,1016.0,0.0,0.0,76.8,13.6,,"Overcast"
"50.0826,8.2493","09/25/2021 16:00:00",50.0826,8.2493,"50.0826,8.2493","50.0826,8.2493",255.7,15.3,7.7,83.9,,9.5,0.0,1016.0,0.0,0.0,76.8,13.1,,"Overcast"
"50.0826,8.2493","09/25/2021 17:00:00",50.0826,8.2493,"50.0826,8.2493","50.0826,8.2493",249.8,15.6,7.9,81.4,,9.5,0.0,1016.0,0.0,0.0,76.8,12.6,,"Overcast"
"50.0826,8.2493","09/25/2021 18:00:00",50.0826,8.2493,"50.0826,8.2493","50.0826,8.2493",231.2,15.1,5.4,87.6,,9.5,0.03,1016.3,0.0,0.0,80.2,8.6,,"Overcast"
"50.0826,8.2493","09/25/2021 19:00:00",50.0826,8.2493,"50.0826,8.2493","50.0826,8.2493",212.7,14.6,2.9,93.8,,9.5,0.03,1016.7,0.0,0.0,83.6,4.7,,"Overcast"
"50.0826,8.2493","09/25/2021 20:00:00",50.0826,8.2493,"50.0826,8.2493","50.0826,8.2493",194.1,14.1,0.4,100.0,,9.5,0.03,1017.0,0.0,0.0,87.0,0.7,,"Overcast"
"50.0826,8.2493","09/25/2021 21:00:00",50.0826,8.2493,"50.0826,8.2493","50.0826,8.2493",184.3,13.9,1.4,86.6,,14.3,0.0,1017.3,0.0,0.0,87.5,1.7,,"Overcast"
"50.0826,8.2493","09/25/2021 22:00:00",50.0826,8.2493,"50.0826,8.2493","50.0826,8.2493",174.6,13.9,2.5,73.1,,14.3,0.0,1017.7,0.0,0.0,87.9,2.6,,"Partially cloudy"
"50.0826,8.2493","09/25/2021 23:00:00",50.0826,8.2493,"50.0826,8.2493","50.0826,8.2493",164.8,13.8,3.6,59.7,,14.3,0.0,1018.0,0.0,0.0,88.4,3.6,,"Partially cloudy"
"50.0826,8.2493","09/26/2021 00:00:00",50.0826,8.2493,"50.0826,8.2493","50.0826,8.2493",167.2,13.7,4.1,73.1,,14.3,0.0,1018.0,0.0,0.0,88.4,4.1,,"Partially cloudy"
"50.0826,8.2493","09/26/2021 01:00:00",50.0826,8.2493,"50.0826,8.2493","50.0826,8.2493",169.6,13.7,4.6,86.6,,14.3,0.0,1018.0,0.0,0.0,88.4,4.6,,"Overcast"
"50.0826,8.2493","09/26/2021 02:00:00",50.0826,8.2493,"50.0826,8.2493","50.0826,8.2493",172.0,13.7,5.0,100.0,,14.3,0.0,1018.0,0.0,0.0,88.4,5.0,,"Overcast"
"50.0826,8.2493","09/26/2021 03:00:00",50.0826,8.2493,"50.0826,8.2493","50.0826,8.2493",169.6,13.3,5.4,92.5,,9.5,0.0,1017.7,0.0,0.0,89.9,5.3,,"Overcast"
"50.0826,8.2493","09/26/2021 04:00:00",50.0826,8.2493,"50.0826,8.2493","50.0826,8.2493",167.2,12.9,5.8,85.0,,9.5,0.0,1017.3,0.0,0.0,91.5,5.5,,"Overcast"
"50.0826,8.2493","09/26/2021 05:00:00",50.0826,8.2493,"50.0826,8.2493","50.0826,8.2493",164.8,12.5,6.1,77.5,,9.5,0.0,1017.0,0.0,0.0,93.0,5.8,,"Overcast"
"50.0826,8.2493","09/26/2021 06:00:00",50.0826,8.2493,"50.0826,8.2493","50.0826,8.2493",169.1,12.0,6.2,53.3,,9.5,0.0,1017.0,0.0,0.0,94.0,5.9,,"Partially cloudy"
"50.0826,8.2493","09/26/2021 07:00:00",50.0826,8.2493,"50.0826,8.2493","50.0826,8.2493",173.3,11.6,6.4,29.2,,9.5,0.0,1017.0,0.0,0.0,94.9,6.0,,"Partially cloudy"
"50.0826,8.2493","09/26/2021 08:00:00",50.0826,8.2493,"50.0826,8.2493","50.0826,8.2493",177.6,11.2,6.5,5.0,,9.5,0.0,1017.0,0.0,0.0,95.9,6.1,,"Clear"
"50.0826,8.2493","09/26/2021 09:00:00",50.0826,8.2493,"50.0826,8.2493","50.0826,8.2493",186.2,13.4,6.5,7.3,,9.5,0.0,1017.0,0.0,0.0,85.7,7.8,,"Clear"
"50.0826,8.2493","09/26/2021 10:00:00",50.0826,8.2493,"50.0826,8.2493","50.0826,8.2493",194.7,15.7,6.5,9.5,,9.5,0.0,1017.0,0.0,0.0,75.5,9.5,,"Clear"
"50.0826,8.2493","09/26/2021 11:00:00",50.0826,8.2493,"50.0826,8.2493","50.0826,8.2493",203.3,18.0,6.5,11.8,,9.5,0.0,1017.0,0.0,0.0,65.3,11.2,,"Clear"
"50.0826,8.2493","09/26/2021 12:00:00",50.0826,8.2493,"50.0826,8.2493","50.0826,8.2493",204.0,19.0,7.4,7.9,,9.5,0.0,1016.3,0.0,0.0,60.9,12.4,,"Clear"
"50.0826,8.2493","09/26/2021 13:00:00",50.0826,8.2493,"50.0826,8.2493","50.0826,8.2493",204.8,20.0,8.4,3.9,,9.5,0.0,1015.7,0.0,0.0,56.6,13.6,,"Clear"
"50.0826,8.2493","09/26/2021 14:00:00",50.0826,8.2493,"50.0826,8.2493","50.0826,8.2493",205.5,21.1,9.4,0.0,,9.5,0.0,1015.0,0.0,0.0,52.2,14.8,,"Clear"
"50.0826,8.2493","09/26/2021 15:00:00",50.0826,8.2493,"50.0826,8.2493","50.0826,8.2493",215.7,21.3,9.7,5.2,,9.5,0.0,1014.7,0.0,0.0,52.0,16.0,,"Clear"
"50.0826,8.2493","09/26/2021 16:00:00",50.0826,8.2493,"50.0826,8.2493","50.0826,8.2493",225.8,21.6,10.1,10.3,,9.5,0.0,1014.3,0.0,0.0,51.7,17.2,,"Clear"
"50.0826,8.2493","09/26/2021 17:00:00",50.0826,8.2493,"50.0826,8.2493","50.0826,8.2493",236.0,21.9,10.4,15.5,,9.5,0.0,1014.0,0.0,0.0,51.5,18.4,,"Clear"
"50.0826,8.2493","09/26/2021 18:00:00",50.0826,8.2493,"50.0826,8.2493","50.0826,8.2493",234.1,19.6,9.7,43.3,,9.5,0.0,1014.3,0.0,0.0,61.6,20.6,,"Partially cloudy"
"50.0826,8.2493","09/26/2021 19:00:00",50.0826,8.2493,"50.0826,8.2493","50.0826,8.2493",232.1,17.3,9.0,71.2,,9.5,0.0,1014.7,0.0,0.0,71.7,22.9,,"Partially cloudy"
"50.0826,8.2493","09/26/2021 20:00:00",50.0826,8.2493,"50.0826,8.2493","50.0826,8.2493",230.2,15.1,8.3,99.0,,9.5,0.0,1015.0,0.0,0.0,81.8,25.2,,"Overcast"
"50.0826,8.2493","09/26/2021 21:00:00",50.0826,8.2493,"50.0826,8.2493","50.0826,8.2493",233.9,14.7,7.7,81.8,,23.7,0.0,1015.0,0.0,0.0,84.0,19.0,,"Overcast"
"50.0826,8.2493","09/26/2021 22:00:00",50.0826,8.2493,"50.0826,8.2493","50.0826,8.2493",237.7,14.3,7.1,64.6,,23.7,0.0,1015.0,0.0,0.0,86.3,12.7,,"Partially cloudy"
"50.0826,8.2493","09/26/2021 23:00:00",50.0826,8.2493,"50.0826,8.2493","50.0826,8.2493",241.4,13.9,6.5,47.4,,23.7,0.0,1015.0,0.0,0.0,88.5,6.5,,"Partially cloudy"
"50.0826,8.2493","09/27/2021 00:00:00",50.0826,8.2493,"50.0826,8.2493","50.0826,8.2493",232.6,14.4,6.7,64.9,,23.7,0.0,1015.0,0.0,0.0,85.6,12.7,,"Partially cloudy"
"50.0826,8.2493","09/27/2021 01:00:00",50.0826,8.2493,"50.0826,8.2493","50.0826,8.2493",223.9,14.9,7.0,82.5,,23.7,0.0,1015.0,0.0,0.0,82.8,19.0,,"Overcast"
"50.0826,8.2493","09/27/2021 02:00:00",50.0826,8.2493,"50.0826,8.2493","50.0826,8.2493",215.1,15.4,7.2,100.0,,23.7,0.0,1015.0,0.0,0.0,79.9,25.2,,"Overcast"
"50.0826,8.2493","09/27/2021 03:00:00",50.0826,8.2493,"50.0826,8.2493","50.0826,8.2493",215.6,15.4,7.3,100.0,,19.0,0.0,1015.0,0.0,0.0,79.3,25.9,,"Overcast"
"50.0826,8.2493","09/27/2021 04:00:00",50.0826,8.2493,"50.0826,8.2493","50.0826,8.2493",216.1,15.4,7.4,100.0,,19.0,0.0,1015.0,0.0,0.0,78.6,26.6,,"Overcast"
"50.0826,8.2493","09/27/2021 05:00:00",50.0826,8.2493,"50.0826,8.2493","50.0826,8.2493",216.6,15.4,7.6,100.0,,19.0,0.0,1015.0,0.0,0.0,78.0,27.4,,"Overcast"
"50.0826,8.2493","09/27/2021 06:00:00",50.0826,8.2493,"50.0826,8.2493","50.0826,8.2493",215.8,14.6,7.4,78.2,,19.0,0.0,1015.0,0.0,0.0,80.7,24.6,,"Overcast"
"50.0826,8.2493","09/27/2021 07:00:00",50.0826,8.2493,"50.0826,8.2493","50.0826,8.2493",215.0,13.9,7.3,56.3,,19.0,0.0,1015.0,0.0,0.0,83.3,21.8,,"Partially cloudy"
"50.0826,8.2493","09/27/2021 08:00:00",50.0826,8.2493,"50.0826,8.2493","50.0826,8.2493",214.2,13.2,7.2,34.5,,19.0,0.0,1015.0,0.0,0.0,86.0,19.1,,"Partially cloudy"
"50.0826,8.2493","09/27/2021 09:00:00",50.0826,8.2493,"50.0826,8.2493","50.0826,8.2493",222.4,14.1,8.0,56.3,,19.0,0.0,1015.3,0.0,0.0,81.8,20.8,,"Partially cloudy"
"50.0826,8.2493","09/27/2021 10:00:00",50.0826,8.2493,"50.0826,8.2493","50.0826,8.2493",230.5,15.1,8.9,78.2,,19.0,0.0,1015.7,0.0,0.0,77.5,22.4,,"Overcast"
"50.0826,8.2493","09/27/2021 11:00:00",50.0826,8.2493,"50.0826,8.2493","50.0826,8.2493",238.7,16.1,9.7,100.0,,19.0,0.0,1016.0,0.0,0.0,73.3,24.1,,"Overcast"
"50.0826,8.2493","09/27/2021 12:00:00",50.0826,8.2493,"50.0826,8.2493","50.0826,8.2493",243.6,16.4,10.2,99.8,,19.0,0.03,1015.7,0.0,0.0,73.7,24.5,,"Overcast"
"50.0826,8.2493","09/27/2021 13:00:00",50.0826,8.2493,"50.0826,8.2493","50.0826,8.2493",248.4,16.7,10.7,99.6,,19.0,0.03,1015.3,0.0,0.0,74.0,24.8,,"Overcast"
"50.0826,8.2493","09/27/2021 14:00:00",50.0826,8.2493,"50.0826,8.2493","50.0826,8.2493",253.3,17.0,11.2,99.4,,19.0,0.03,1015.0,0.0,0.0,74.4,25.2,,"Overcast"
"50.0826,8.2493","09/27/2021 15:00:00",50.0826,8.2493,"50.0826,8.2493","50.0826,8.2493",256.2,16.8,11.8,99.6,,38.0,0.47,1014.7,0.0,0.0,77.6,27.1,,"Overcast"
"50.0826,8.2493","09/27/2021 16:00:00",50.0826,8.2493,"50.0826,8.2493","50.0826,8.2493",259.1,16.6,12.4,99.8,,38.0,0.47,1014.3,0.0,0.0,80.8,29.0,,"Overcast"
"50.0826,8.2493","09/27/2021 17:00:00",50.0826,8.2493,"50.0826,8.2493","50.0826,8.2493",262.0,16.4,13.0,100.0,,38.0,0.47,1014.0,0.0,0.0,84.0,31.0,,"Overcast"
"50.0826,8.2493","09/27/2021 18:00:00",50.0826,8.2493,"50.0826,8.2493","50.0826,8.2493",255.2,15.7,11.3,100.0,,38.0,0.17,1014.0,0.0,0.0,87.3,30.5,,"Overcast"
"50.0826,8.2493","09/27/2021 19:00:00",50.0826,8.2493,"50.0826,8.2493","50.0826,8.2493",248.5,14.9,9.6,100.0,,38.0,0.17,1014.0,0.0,0.0,90.6,30.0,,"Overcast"
"50.0826,8.2493","09/27/2021 20:00:00",50.0826,8.2493,"50.0826,8.2493","50.0826,8.2493",241.7,14.3,7.9,100.0,,38.0,0.17,1014.0,0.0,0.0,93.9,29.5,,"Overcast"
"50.0826,8.2493","09/27/2021 21:00:00",50.0826,8.2493,"50.0826,8.2493","50.0826,8.2493",236.1,14.1,10.3,100.0,,23.7,0.47,1013.7,0.0,0.0,93.0,32.4,,"Overcast"
"50.0826,8.2493","09/27/2021 22:00:00",50.0826,8.2493,"50.0826,8.2493","50.0826,8.2493",230.4,13.9,12.7,100.0,,23.7,0.47,1013.3,0.0,0.0,92.2,35.3,,"Overcast"
"50.0826,8.2493","09/27/2021 23:00:00",50.0826,8.2493,"50.0826,8.2493","50.0826,8.2493",224.8,13.8,15.1,100.0,,23.7,0.47,1013.0,0.0,0.0,91.3,38.2,,"Overcast"
"50.0826,8.2493","09/28/2021 00:00:00",50.0826,8.2493,"50.0826,8.2493","50.0826,8.2493",234.7,13.7,15.2,100.0,,23.7,0.33,1013.0,0.0,0.0,92.2,37.2,,"Overcast"
"50.0826,8.2493","09/28/2021 01:00:00",50.0826,8.2493,"50.0826,8.2493","50.0826,8.2493",244.5,13.7,15.4,100.0,,23.7,0.33,1013.0,0.0,0.0,93.2,36.2,,"Overcast"
"50.0826,8.2493","09/28/2021 02:00:00",50.0826,8.2493,"50.0826,8.2493","50.0826,8.2493",254.4,13.7,15.5,100.0,,23.7,0.33,1013.0,0.0,0.0,94.1,35.3,,"Overcast"
"50.0826,8.2493","09/28/2021 03:00:00",50.0826,8.2493,"50.0826,8.2493","50.0826,8.2493",251.9,12.8,13.8,100.0,,4.8,0.03,1012.7,0.0,0.0,93.8,32.8,,"Overcast"
"50.0826,8.2493","09/28/2021 04:00:00",50.0826,8.2493,"50.0826,8.2493","50.0826,8.2493",249.5,11.9,12.1,100.0,,4.8,0.03,1012.3,0.0,0.0,93.4,30.2,,"Overcast"
"50.0826,8.2493","09/28/2021 05:00:00",50.0826,8.2493,"50.0826,8.2493","50.0826,8.2493",247.0,11.1,10.4,100.0,,4.8,0.03,1012.0,0.0,0.0,93.1,27.7,,"Overcast"
"50.0826,8.2493","09/28/2021 06:00:00",50.0826,8.2493,"50.0826,8.2493","50.0826,8.2493",234.7,10.8,10.2,100.0,,4.8,0.13,1011.7,0.0,0.0,92.6,29.5,,"Overcast"
"50.0826,8.2493","09/28/2021 07:00:00",50.0826,8.2493,"50.0826,8.2493","50.0826,8.2493",222.3,10.6,10.0,100.0,,4.8,0.13,1011.3,0.0,0.0,92.1,31.3,,"Overcast"
"50.0826,8.2493","09/28/2021 08:00:00",50.0826,8.2493,"50.0826,8.2493","50.0826,8.2493",210.0,10.4,9.7,100.0,,4.8,0.13,1011.0,0.0,0.0,91.6,33.1,,"Overcast"
"50.0826,8.2493","09/28/2021 09:00:00",50.0826,8.2493,"50.0826,8.2493","50.0826,8.2493",204.1,10.8,11.6,100.0,,9.5,0.1,1010.3,0.0,0.0,91.8,37.8,,"Overcast"
"50.0826,8.2493","09/28/2021 10:00:00",50.0826,8.2493,"50.0826,8.2493","50.0826,8.2493",198.2,11.3,13.6,100.0,,9.5,0.1,1009.7,0.0,0.0,91.9,42.5,,"Overcast"
"50.0826,8.2493","09/28/2021 11:00:00",50.0826,8.2493,"50.0826,8.2493","50.0826,8.2493",192.3,11.8,15.5,100.0,,9.5,0.1,1009.0,0.0,0.0,92.1,47.2,,"Overcast"
"50.0826,8.2493","09/28/2021 12:00:00",50.0826,8.2493,"50.0826,8.2493","50.0826,8.2493",199.1,12.3,18.8,100.0,,9.5,0.1,1008.0,0.0,0.0,90.9,51.2,,"Overcast"
"50.0826,8.2493","09/28/2021 13:00:00",50.0826,8.2493,"50.0826,8.2493","50.0826,8.2493",205.9,12.8,22.2,100.0,,9.5,0.1,1007.0,0.0,0.0,89.6,55.3,,"Overcast"
"50.0826,8.2493","09/28/2021 14:00:00",50.0826,8.2493,"50.0826,8.2493","50.0826,8.2493",212.7,13.4,25.6,100.0,,9.5,0.1,1006.0,0.0,0.0,88.4,59.4,,"Overcast"
"50.0826,8.2493","09/28/2021 15:00:00",50.0826,8.2493,"50.0826,8.2493","50.0826,8.2493",224.2,13.4,25.0,100.0,,9.5,0.6,1005.7,0.0,0.0,89.7,55.8,,"Overcast"
"50.0826,8.2493","09/28/2021 16:00:00",50.0826,8.2493,"50.0826,8.2493","50.0826,8.2493",235.6,13.5,24.4,100.0,,9.5,0.6,1005.3,0.0,0.0,91.1,52.2,,"Overcast"
"50.0826,8.2493","09/28/2021 17:00:00",50.0826,8.2493,"50.0826,8.2493","50.0826,8.2493",247.1,13.6,23.8,100.0,,9.5,0.6,1005.0,0.0,0.0,92.4,48.6,,"Overcast"
"50.0826,8.2493","09/28/2021 18:00:00",50.0826,8.2493,"50.0826,8.2493","50.0826,8.2493",253.8,12.4,22.7,100.0,,9.5,0.13,1006.0,0.0,0.0,90.6,47.4,,"Overcast"
"50.0826,8.2493","09/28/2021 19:00:00",50.0826,8.2493,"50.0826,8.2493","50.0826,8.2493",260.4,11.2,21.6,100.0,,9.5,0.13,1007.0,0.0,0.0,88.9,46.2,,"Overcast"
"50.0826,8.2493","09/28/2021 20:00:00",50.0826,8.2493,"50.0826,8.2493","50.0826,8.2493",267.1,10.1,20.5,100.0,,9.5,0.13,1008.0,0.0,0.0,87.1,45.0,,"Overcast"
"50.0826,8.2493","09/28/2021 21:00:00",50.0826,8.2493,"50.0826,8.2493","50.0826,8.2493",268.3,9.6,19.7,100.0,,9.5,0.13,1009.0,0.0,0.0,86.8,43.4,6.9,"Overcast"
"50.0826,8.2493","09/28/2021 22:00:00",50.0826,8.2493,"50.0826,8.2493","50.0826,8.2493",269.4,9.2,18.8,100.0,,9.5,0.13,1010.0,0.0,0.0,86.6,41.9,6.5,"Overcast"
"50.0826,8.2493","09/28/2021 23:00:00",50.0826,8.2493,"50.0826,8.2493","50.0826,8.2493",270.6,8.8,18.0,100.0,,9.5,0.13,1011.0,0.0,0.0,86.3,40.3,6.0,"Overcast"
"50.0826,8.2493","09/29/2021 00:00:00",50.0826,8.2493,"50.0826,8.2493","50.0826,8.2493",266.6,8.2,17.5,100.0,,9.5,0.03,1011.3,0.0,0.0,86.4,39.5,5.4,"Overcast"
"50.0826,8.2493","09/29/2021 01:00:00",50.0826,8.2493,"50.0826,8.2493","50.0826,8.2493",262.6,7.7,17.0,100.0,,9.5,0.03,1011.7,0.0,0.0,86.4,38.6,4.8,"Overcast"
"50.0826,8.2493","09/29/2021 02:00:00",50.0826,8.2493,"50.0826,8.2493","50.0826,8.2493",258.6,7.2,16.6,100.0,,9.5,0.03,1012.0,0.0,0.0,86.5,37.8,4.2,"Overcast"
"50.0826,8.2493","09/29/2021 03:00:00",50.0826,8.2493,"50.0826,8.2493","50.0826,8.2493",254.4,6.8,15.7,100.0,,4.8,0.0,1012.0,0.0,0.0,87.2,37.0,3.8,"Overcast"
"50.0826,8.2493","09/29/2021 04:00:00",50.0826,8.2493,"50.0826,8.2493","50.0826,8.2493",250.1,6.4,14.9,100.0,,4.8,0.0,1012.0,0.0,0.0,87.8,36.1,3.4,"Overcast"
"50.0826,8.2493","09/29/2021 05:00:00",50.0826,8.2493,"50.0826,8.2493","50.0826,8.2493",245.9,6.0,14.0,100.0,,4.8,0.0,1012.0,0.0,0.0,88.5,35.3,3.1,"Overcast"
"50.0826,8.2493","09/29/2021 06:00:00",50.0826,8.2493,"50.0826,8.2493","50.0826,8.2493",248.4,5.8,14.2,95.6,,4.8,0.0,1012.3,0.0,0.0,88.3,35.6,2.9,"Overcast"
"50.0826,8.2493","09/29/2021 07:00:00",50.0826,8.2493,"50.0826,8.2493","50.0826,8.2493",250.9,5.7,14.3,91.3,,4.8,0.0,1012.7,0.0,0.0,88.2,36.0,2.7,"Overcast"
"50.0826,8.2493","09/29/2021 08:00:00",50.0826,8.2493,"50.0826,8.2493","50.0826,8.2493",253.4,5.6,14.4,86.9,,4.8,0.0,1013.0,0.0,0.0,88.0,36.4,2.5,"Overcast"
"50.0826,8.2493","09/29/2021 09:00:00",50.0826,8.2493,"50.0826,8.2493","50.0826,8.2493",262.9,6.8,15.5,59.6,,14.3,0.0,1013.0,0.0,0.0,78.6,34.0,3.9,"Partially cloudy"
"50.0826,8.2493","09/29/2021 10:00:00",50.0826,8.2493,"50.0826,8.2493","50.0826,8.2493",272.3,8.0,16.6,32.3,,14.3,0.0,1013.0,0.0,0.0,69.1,31.6,5.2,"Partially cloudy"
"50.0826,8.2493","09/29/2021 11:00:00",50.0826,8.2493,"50.0826,8.2493","50.0826,8.2493",281.8,9.2,17.6,5.0,,14.3,0.0,1013.0,0.0,0.0,59.7,29.2,6.6,"Clear"
"50.0826,8.2493","09/29/2021 12:00:00",50.0826,8.2493,"50.0826,8.2493","50.0826,8.2493",281.2,10.0,17.2,35.2,,14.3,0.0,1013.0,0.0,0.0,54.5,27.4,7.7,"Partially cloudy"
"50.0826,8.2493","09/29/2021 13:00:00",50.0826,8.2493,"50.0826,8.2493","50.0826,8.2493",280.5,10.8,16.7,65.3,,14.3,0.0,1013.0,0.0,0.0,49.4,25.6,,"Partially cloudy"
"50.0826,8.2493","09/29/2021 14:00:00",50.0826,8.2493,"50.0826,8.2493","50.0826,8.2493",279.9,11.7,16.2,95.5,,14.3,0.0,1013.0,0.0,0.0,44.2,23.8,,"Overcast"
"50.0826,8.2493","09/29/2021 15:00:00",50.0826,8.2493,"50.0826,8.2493","50.0826,8.2493",283.8,11.5,14.6,93.9,,19.0,0.0,1013.0,0.0,0.0,46.2,22.4,,"Overcast"
"50.0826,8.2493","09/29/2021 16:00:00",50.0826,8.2493,"50.0826,8.2493","50.0826,8.2493",287.6,11.3,13.1,92.2,,19.0,0.0,1013.0,0.0,0.0,48.2,21.1,,"Overcast"
"50.0826,8.2493","09/29/2021 17:00:00",50.0826,8.2493,"50.0826,8.2493","50.0826,8.2493",291.5,11.2,11.5,90.6,,19.0,0.0,1013.0,0.0,0.0,50.2,19.8,,"Overcast"
"50.0826,8.2493","09/29/2021 18:00:00",50.0826,8.2493,"50.0826,8.2493","50.0826,8.2493",294.8,9.2,9.4,62.1,,19.0,0.07,1014.0,0.0,0.0,59.8,14.9,7.8,"Partially cloudy"
"50.0826,8.2493","09/29/2021 19:00:00",50.0826,8.2493,"50.0826,8.2493","50.0826,8.2493",298.0,7.2,7.2,33.5,,19.0,0.07,1015.0,0.0,0.0,69.4,10.0,6.0,"Partially cloudy"
"50.0826,8.2493","09/29/2021 20:00:00",50.0826,8.2493,"50.0826,8.2493","50.0826,8.2493",301.3,5.3,5.0,5.0,,19.0,0.07,1016.0,0.0,0.0,79.0,5.0,4.4,"Clear"
"50.0826,8.2493","09/29/2021 21:00:00",50.0826,8.2493,"50.0826,8.2493","50.0826,8.2493",290.1,4.7,4.9,5.0,,23.7,0.0,1016.7,0.0,0.0,83.2,5.0,3.8,"Clear"
"50.0826,8.2493","09/29/2021 22:00:00",50.0826,8.2493,"50.0826,8.2493","50.0826,8.2493",278.9,4.1,4.8,5.0,,23.7,0.0,1017.3,0.0,0.0,87.3,5.0,,"Clear"
"50.0826,8.2493","09/29/2021 23:00:00",50.0826,8.2493,"50.0826,8.2493","50.0826,8.2493",267.7,3.6,4.7,5.0,,23.7,0.0,1018.0,0.0,0.0,91.5,5.0,,"Clear"
"50.0826,8.2493","09/30/2021 00:00:00",50.0826,8.2493,"50.0826,8.2493","50.0826,8.2493",272.0,3.2,5.3,5.5,,23.7,0.0,1018.7,0.0,0.0,93.3,9.0,2.0,"Clear"
"50.0826,8.2493","09/30/2021 01:00:00",50.0826,8.2493,"50.0826,8.2493","50.0826,8.2493",276.3,2.9,5.9,6.0,,23.7,0.0,1019.3,0.0,0.0,95.0,13.0,1.3,"Clear"
"50.0826,8.2493","09/30/2021 02:00:00",50.0826,8.2493,"50.0826,8.2493","50.0826,8.2493",280.6,2.6,6.5,6.5,,23.7,0.0,1020.0,0.0,0.0,96.8,16.9,0.8,"Clear"
"50.0826,8.2493","09/30/2021 03:00:00",50.0826,8.2493,"50.0826,8.2493","50.0826,8.2493",285.2,2.3,6.6,24.8,,19.0,0.0,1020.3,0.0,0.0,97.4,17.9,0.4,"Clear"
"50.0826,8.2493","09/30/2021 04:00:00",50.0826,8.2493,"50.0826,8.2493","50.0826,8.2493",289.9,2.0,6.7,43.1,,19.0,0.0,1020.7,0.0,0.0,97.9,18.8,0.1,"Partially cloudy"
"50.0826,8.2493","09/30/2021 05:00:00",50.0826,8.2493,"50.0826,8.2493","50.0826,8.2493",294.5,1.8,6.8,61.4,,19.0,0.0,1021.0,0.0,0.0,98.5,19.8,-0.3,"Partially cloudy"
"50.0826,8.2493","09/30/2021 06:00:00",50.0826,8.2493,"50.0826,8.2493","50.0826,8.2493",293.0,2.2,7.2,65.0,,19.0,0.0,1021.7,0.0,0.0,96.5,22.6,0.1,"Partially cloudy"
"50.0826,8.2493","09/30/2021 07:00:00",50.0826,8.2493,"50.0826,8.2493","50.0826,8.2493",291.6,2.6,7.6,68.7,,19.0,0.0,1022.3,0.0,0.0,94.5,25.3,0.5,"Partially cloudy"
"50.0826,8.2493","09/30/2021 08:00:00",50.0826,8.2493,"50.0826,8.2493","50.0826,8.2493",290.1,3.1,7.9,72.3,,19.0,0.0,1023.0,0.0,0.0,92.5,28.1,0.9,"Partially cloudy"
"50.0826,8.2493","09/30/2021 09:00:00",50.0826,8.2493,"50.0826,8.2493","50.0826,8.2493",293.9,4.4,9.6,72.5,,9.5,0.0,1023.3,0.0,0.0,84.7,26.6,2.0,"Partially cloudy"
"50.0826,8.2493","09/30/2021 10:00:00",50.0826,8.2493,"50.0826,8.2493","50.0826,8.2493",297.7,5.7,11.3,72.7,,9.5,0.0,1023.7,0.0,0.0,76.8,25.2,3.2,"Partially cloudy"
"50.0826,8.2493","09/30/2021 11:00:00",50.0826,8.2493,"50.0826,8.2493","50.0826,8.2493",301.5,7.0,13.0,72.9,,9.5,0.0,1024.0,0.0,0.0,69.0,23.8,4.5,"Partially cloudy"
"50.0826,8.2493","09/30/2021 12:00:00",50.0826,8.2493,"50.0826,8.2493","50.0826,8.2493",299.8,7.7,14.0,80.7,,9.5,0.1,1024.0,0.0,0.0,64.5,23.8,5.2,"Overcast"
"50.0826,8.2493","09/30/2021 13:00:00",50.0826,8.2493,"50.0826,8.2493","50.0826,8.2493",298.1,8.4,15.1,88.6,,9.5,0.1,1024.0,0.0,0.0,59.9,23.8,5.9,"Overcast"
"50.0826,8.2493","09/30/2021 14:00:00",50.0826,8.2493,"50.0826,8.2493","50.0826,8.2493",296.4,9.1,16.2,96.4,,9.5,0.1,1024.0,0.0,0.0,55.4,23.8,6.6,"Overcast"
"50.0826,8.2493","09/30/2021 15:00:00",50.0826,8.2493,"50.0826,8.2493","50.0826,8.2493",291.9,9.1,16.0,97.3,,28.5,0.13,1024.0,0.0,0.0,56.1,23.9,6.6,"Overcast"
"50.0826,8.2493","09/30/2021 16:00:00",50.0826,8.2493,"50.0826,8.2493","50.0826,8.2493",287.3,9.1,15.7,98.2,,28.5,0.13,1024.0,0.0,0.0,56.8,24.0,6.7,"Overcast"
"50.0826,8.2493","09/30/2021 17:00:00",50.0826,8.2493,"50.0826,8.2493","50.0826,8.2493",282.8,9.1,15.5,99.1,,28.5,0.13,1024.0,0.0,0.0,57.5,24.1,6.7,"Overcast"
"50.0826,8.2493","09/30/2021 18:00:00",50.0826,8.2493,"50.0826,8.2493","50.0826,8.2493",271.1,7.9,12.7,74.6,,28.5,0.07,1024.3,0.0,0.0,64.5,22.1,5.6,"Partially cloudy"
"50.0826,8.2493","09/30/2021 19:00:00",50.0826,8.2493,"50.0826,8.2493","50.0826,8.2493",259.3,6.7,10.0,50.2,,28.5,0.07,1024.7,0.0,0.0,71.4,20.0,4.7,"Partially cloudy"
"50.0826,8.2493","09/30/2021 20:00:00",50.0826,8.2493,"50.0826,8.2493","50.0826,8.2493",247.6,5.5,7.2,25.7,,28.5,0.07,1025.0,0.0,0.0,78.4,18.0,3.9,"Partially cloudy"
"50.0826,8.2493","09/30/2021 21:00:00",50.0826,8.2493,"50.0826,8.2493","50.0826,8.2493",251.3,4.5,7.1,30.3,,28.6,0.0,1025.7,0.0,0.0,81.4,16.8,2.8,"Partially cloudy"
"50.0826,8.2493","09/30/2021 22:00:00",50.0826,8.2493,"50.0826,8.2493","50.0826,8.2493",255.0,3.5,7.0,34.8,,28.6,0.0,1026.3,0.0,0.0,84.5,15.6,1.7,"Partially cloudy"
"50.0826,8.2493","09/30/2021 23:00:00",50.0826,8.2493,"50.0826,8.2493","50.0826,8.2493",258.7,2.6,6.8,39.4,,28.6,0.0,1027.0,0.0,0.0,87.5,14.4,0.6,"Partially cloudy"
"50.0826,8.2493","10/01/2021 00:00:00",50.0826,8.2493,"50.0826,8.2493","50.0826,8.2493",250.3,2.6,6.6,59.6,,28.6,0.0,1026.7,0.0,0.0,86.8,12.0,0.7,"Partially cloudy"
"50.0826,8.2493","10/01/2021 01:00:00",50.0826,8.2493,"50.0826,8.2493","50.0826,8.2493",242.0,2.6,6.4,79.8,,28.6,0.0,1026.3,0.0,0.0,86.0,9.6,0.8,"Overcast"
"50.0826,8.2493","10/01/2021 02:00:00",50.0826,8.2493,"50.0826,8.2493","50.0826,8.2493",233.6,2.6,6.1,100.0,,28.6,0.0,1026.0,0.0,0.0,85.3,7.2,0.9,"Overcast"
"50.0826,8.2493","10/01/2021 03:00:00",50.0826,8.2493,"50.0826,8.2493","50.0826,8.2493",230.6,2.8,6.2,100.0,,14.3,0.0,1025.7,0.0,0.0,84.3,12.2,1.1,"Overcast"
"50.0826,8.2493","10/01/2021 04:00:00",50.0826,8.2493,"50.0826,8.2493","50.0826,8.2493",227.6,3.0,6.4,100.0,,14.3,0.0,1025.3,0.0,0.0,83.4,17.3,1.3,"Overcast"
"50.0826,8.2493","10/01/2021 05:00:00",50.0826,8.2493,"50.0826,8.2493","50.0826,8.2493",224.6,3.3,6.5,100.0,,14.3,0.0,1025.0,0.0,0.0,82.4,22.3,1.6,"Overcast"
"50.0826,8.2493","10/01/2021 06:00:00",50.0826,8.2493,"50.0826,8.2493","50.0826,8.2493",220.4,3.3,7.2,97.9,,14.3,0.0,1024.7,0.0,0.0,81.6,25.8,1.4,"Overcast"
"50.0826,8.2493","10/01/2021 07:00:00",50.0826,8.2493,"50.0826,8.2493","50.0826,8.2493",216.3,3.3,7.9,95.7,,14.3,0.0,1024.3,0.0,0.0,80.8,29.3,1.2,"Overcast"
"50.0826,8.2493","10/01/2021 08:00:00",50.0826,8.2493,"50.0826,8.2493","50.0826,8.2493",212.1,3.4,8.6,93.6,,14.3,0.0,1024.0,0.0,0.0,80.0,32.8,1.0,"Overcast"
"50.0826,8.2493","10/01/2021 09:00:00",50.0826,8.2493,"50.0826,8.2493","50.0826,8.2493",218.2,4.9,11.3,92.4,,14.3,0.0,1023.7,0.0,0.0,73.7,31.3,2.3,"Overcast"
"50.0826,8.2493","10/01/2021 10:00:00",50.0826,8.2493,"50.0826,8.2493","50.0826,8.2493",224.2,6.4,13.9,91.1,,14.3,0.0,1023.3,0.0,0.0,67.3,29.9,3.7,"Overcast"
"50.0826,8.2493","10/01/2021 11:00:00",50.0826,8.2493,"50.0826,8.2493","50.0826,8.2493",230.3,8.0,16.6,89.9,,14.3,0.0,1023.0,0.0,0.0,61.0,28.4,5.2,"Overcast"
"50.0826,8.2493","10/01/2021 12:00:00",50.0826,8.2493,"50.0826,8.2493","50.0826,8.2493",230.0,8.1,16.6,93.3,,14.3,0.0,1022.0,0.0,0.0,63.0,28.6,5.4,"Overcast"
"50.0826,8.2493","10/01/2021 13:00:00",50.0826,8.2493,"50.0826,8.2493","50.0826,8.2493",229.7,8.3,16.6,96.6,,14.3,0.0,1021.0,0.0,0.0,65.0,28.7,5.6,"Overcast"
"50.0826,8.2493","10/01/2021 14:00:00",50.0826,8.2493,"50.0826,8.2493","50.0826,8.2493",229.4,8.5,16.6,100.0,,14.3,0.0,1020.0,0.0,0.0,67.0,28.8,5.8,"Overcast"
"50.0826,8.2493","10/01/2021 15:00:00",50.0826,8.2493,"50.0826,8.2493","50.0826,8.2493",227.7,8.1,16.7,100.0,,19.0,0.07,1019.0,0.0,0.0,70.8,32.5,5.3,"Overcast"
"50.0826,8.2493","10/01/2021 16:00:00",50.0826,8.2493,"50.0826,8.2493","50.0826,8.2493",226.0,7.7,16.8,100.0,,19.0,0.07,1018.0,0.0,0.0,74.5,36.2,4.8,"Overcast"
"50.0826,8.2493","10/01/2021 17:00:00",50.0826,8.2493,"50.0826,8.2493","50.0826,8.2493",224.3,7.3,16.9,100.0,,19.0,0.07,1017.0,0.0,0.0,78.3,40.0,4.3,"Overcast"
"50.0826,8.2493","10/01/2021 18:00:00",50.0826,8.2493,"50.0826,8.2493","50.0826,8.2493",216.4,7.1,17.9,100.0,,19.0,0.57,1016.0,0.0,0.0,79.5,42.2,4.0,"Overcast"
"50.0826,8.2493","10/01/2021 19:00:00",50.0826,8.2493,"50.0826,8.2493","50.0826,8.2493",208.5,7.0,18.8,100.0,,19.0,0.57,1015.0,0.0,0.0,80.7,44.5,3.7,"Overcast"
"50.0826,8.2493","10/01/2021 20:00:00",50.0826,8.2493,"50.0826,8.2493","50.0826,8.2493",200.6,6.9,19.8,100.0,,19.0,0.57,1014.0,0.0,0.0,81.9,46.8,3.4,"Overcast"
"50.0826,8.2493","10/01/2021 21:00:00",50.0826,8.2493,"50.0826,8.2493","50.0826,8.2493",200.7,6.7,20.8,100.0,,33.2,1.1,1012.7,0.0,0.0,84.8,50.6,3.1,"Overcast"
"50.0826,8.2493","10/01/2021 22:00:00",50.0826,8.2493,"50.0826,8.2493","50.0826,8.2493",200.7,6.4,21.7,100.0,,33.2,1.1,1011.3,0.0,0.0,87.6,54.5,2.7,"Overcast"
"50.0826,8.2493","10/01/2021 23:00:00",50.0826,8.2493,"50.0826,8.2493","50.0826,8.2493",200.8,6.3,22.7,100.0,,33.2,1.1,1010.0,0.0,0.0,90.5,58.3,2.4,"Overcast"
"50.0826,8.2493","10/02/2021 00:00:00",50.0826,8.2493,"50.0826,8.2493","50.0826,8.2493",201.8,6.5,22.9,100.0,,33.2,1.57,1008.3,0.0,0.0,91.1,58.8,2.7,"Overcast"
"50.0826,8.2493","10/02/2021 01:00:00",50.0826,8.2493,"50.0826,8.2493","50.0826,8.2493",202.7,6.8,23.2,100.0,,33.2,1.57,1006.7,0.0,0.0,91.8,59.3,3.0,"Overcast"
"50.0826,8.2493","10/02/2021 02:00:00",50.0826,8.2493,"50.0826,8.2493","50.0826,8.2493",203.7,7.1,23.4,100.0,,33.2,1.57,1005.0,0.0,0.0,92.4,59.8,3.3,"Overcast"
"50.0826,8.2493","10/02/2021 03:00:00",50.0826,8.2493,"50.0826,8.2493","50.0826,8.2493",212.6,7.7,23.6,100.0,,14.3,0.17,1004.0,0.0,0.0,92.8,57.7,4.1,"Overcast"
"50.0826,8.2493","10/02/2021 04:00:00",50.0826,8.2493,"50.0826,8.2493","50.0826,8.2493",221.6,8.4,23.9,100.0,,14.3,0.17,1003.0,0.0,0.0,93.2,55.7,5.0,"Overcast"
"50.0826,8.2493","10/02/2021 05:00:00",50.0826,8.2493,"50.0826,8.2493","50.0826,8.2493",230.5,9.1,24.1,100.0,,14.3,0.17,1002.0,0.0,0.0,93.6,53.6,5.8,"Overcast"
"50.0826,8.2493","10/02/2021 06:00:00",50.0826,8.2493,"50.0826,8.2493","50.0826,8.2493",242.9,9.1,21.8,92.3,,14.3,0.27,1002.0,0.0,0.0,91.8,49.2,6.1,"Overcast"
"50.0826,8.2493","10/02/2021 07:00:00",50.0826,8.2493,"50.0826,8.2493","50.0826,8.2493",255.4,9.1,19.6,84.7,,14.3,0.27,1002.0,0.0,0.0,89.9,44.8,6.3,"Overcast"
"50.0826,8.2493","10/02/2021 08:00:00",50.0826,8.2493,"50.0826,8.2493","50.0826,8.2493",267.8,9.2,17.3,77.0,,14.3,0.27,1002.0,0.0,0.0,88.1,40.3,6.6,"Overcast"
"50.0826,8.2493","10/02/2021 09:00:00",50.0826,8.2493,"50.0826,8.2493","50.0826,8.2493",267.3,9.5,19.3,71.2,,9.5,0.07,1002.3,0.0,0.0,85.4,41.9,6.8,"Partially cloudy"
"50.0826,8.2493","10/02/2021 10:00:00",50.0826,8.2493,"50.0826,8.2493","50.0826,8.2493",266.9,9.8,21.4,65.3,,9.5,0.07,1002.7,0.0,0.0,82.8,43.4,7.0,"Partially cloudy"
"50.0826,8.2493","10/02/2021 11:00:00",50.0826,8.2493,"50.0826,8.2493","50.0826,8.2493",266.4,10.2,23.4,59.5,,9.5,0.07,1003.0,0.0,0.0,80.1,45.0,,"Partially cloudy"
"50.0826,8.2493","10/02/2021 12:00:00",50.0826,8.2493,"50.0826,8.2493","50.0826,8.2493",266.3,9.5,23.5,72.5,,9.5,0.13,1003.0,0.0,0.0,82.1,46.3,6.4,"Partially cloudy"
"50.0826,8.2493","10/02/2021 13:00:00",50.0826,8.2493,"50.0826,8.2493","50.0826,8.2493",266.2,8.8,23.6,85.5,,9.5,0.13,1003.0,0.0,0.0,84.0,47.6,5.6,"Overcast"
"50.0826,8.2493","10/02/2021 14:00:00",50.0826,8.2493,"50.0826,8.2493","50.0826,8.2493",266.1,8.2,23.8,98.5,,9.5,0.13,1003.0,0.0,0.0,86.0,49.0,4.7,"Overcast"
"50.0826,8.2493","10/02/2021 15:00:00",50.0826,8.2493,"50.0826,8.2493","50.0826,8.2493",271.6,8.3,25.8,99.0,,19.0,0.1,1003.3,0.0,0.0,82.5,51.2,4.7,"Overcast"
"50.0826,8.2493","10/02/2021 16:00:00",50.0826,8.2493,"50.0826,8.2493","50.0826,8.2493",277.1,8.5,27.8,99.5,,19.0,0.1,1003.7,0.0,0.0,79.0,53.5,4.8,"Overcast"
"50.0826,8.2493","10/02/2021 17:00:00",50.0826,8.2493,"50.0826,8.2493","50.0826,8.2493",282.6,8.7,29.9,100.0,,19.0,0.1,1004.0,0.0,0.0,75.5,55.8,4.8,"Overcast"
"50.0826,8.2493","10/02/2021 18:00:00",50.0826,8.2493,"50.0826,8.2493","50.0826,8.2493",283.3,8.0,28.8,100.0,,19.0,0.0,1004.7,0.0,0.0,77.2,55.2,4.1,"Overcast"
"50.0826,8.2493","10/02/2021 19:00:00",50.0826,8.2493,"50.0826,8.2493","50.0826,8.2493",284.0,7.4,27.7,100.0,,19.0,0.0,1005.3,0.0,0.0,78.9,54.6,3.4,"Overcast"
"50.0826,8.2493","10/02/2021 20:00:00",50.0826,8.2493,"50.0826,8.2493","50.0826,8.2493",284.7,6.8,26.6,100.0,,19.0,0.0,1006.0,0.0,0.0,80.6,54.0,2.6,"Overcast"
"50.0826,8.2493","10/02/2021 21:00:00",50.0826,8.2493,"50.0826,8.2493","50.0826,8.2493",285.0,6.4,26.5,100.0,,47.5,0.17,1006.3,0.0,0.0,82.1,53.6,2.3,"Overcast"
"50.0826,8.2493","10/02/2021 22:00:00",50.0826,8.2493,"50.0826,8.2493","50.0826,8.2493",285.3,6.2,26.4,100.0,,47.5,0.17,1006.7,0.0,0.0,83.6,53.3,1.9,"Overcast"
"50.0826,8.2493","10/02/2021 23:00:00",50.0826,8.2493,"50.0826,8.2493","50.0826,8.2493",285.6,5.9,26.3,100.0,,47.5,0.17,1007.0,0.0,0.0,85.1,52.9,1.5,"Overcast"
"50.0826,8.2493","10/03/2021 00:00:00",50.0826,8.2493,"50.0826,8.2493","50.0826,8.2493",284.3,5.8,25.9,100.0,,47.5,0.07,1007.3,0.0,0.0,85.5,51.8,1.4,"Overcast"
"50.0826,8.2493","10/03/2021 01:00:00",50.0826,8.2493,"50.0826,8.2493","50.0826,8.2493",283.1,5.7,25.6,100.0,,47.5,0.07,1007.7,0.0,0.0,86.0,50.8,1.3,"Overcast"
"50.0826,8.2493","10/03/2021 02:00:00",50.0826,8.2493,"50.0826,8.2493","50.0826,8.2493",281.8,5.6,25.2,100.0,,47.5,0.07,1008.0,0.0,0.0,86.4,49.7,1.2,"Overcast"
"50.0826,8.2493","10/03/2021 03:00:00",50.0826,8.2493,"50.0826,8.2493","50.0826,8.2493",281.8,5.5,25.4,100.0,,23.7,0.1,1008.3,0.0,0.0,84.9,49.6,1.1,"Overcast"
"50.0826,8.2493","10/03/2021 04:00:00",50.0826,8.2493,"50.0826,8.2493","50.0826,8.2493",281.8,5.4,25.7,100.0,,23.7,0.1,1008.7,0.0,0.0,83.3,49.4,1.0,"Overcast"
"50.0826,8.2493","10/03/2021 05:00:00",50.0826,8.2493,"50.0826,8.2493","50.0826,8.2493",281.8,5.4,25.9,100.0,,23.7,0.1,1009.0,0.0,0.0,81.8,49.3,0.9,"Overcast"
"50.0826,8.2493","10/03/2021 06:00:00",50.0826,8.2493,"50.0826,8.2493","50.0826,8.2493",282.9,5.5,25.1,100.0,,23.7,0.0,1009.3,0.0,0.0,78.7,47.6,1.1,"Overcast"
"50.0826,8.2493","10/03/2021 07:00:00",50.0826,8.2493,"50.0826,8.2493","50.0826,8.2493",283.9,5.6,24.2,100.0,,23.7,0.0,1009.7,0.0,0.0,75.6,46.0,1.3,"Overcast"
"50.0826,8.2493","10/03/2021 08:00:00",50.0826,8.2493,"50.0826,8.2493","50.0826,8.2493",285.0,5.7,23.4,100.0,,23.7,0.0,1010.0,0.0,0.0,72.5,44.3,1.5,"Overcast"
"50.0826,8.2493","10/03/2021 09:00:00",50.0826,8.2493,"50.0826,8.2493","50.0826,8.2493",281.4,5.9,22.0,91.5,,28.6,0.0,1010.3,0.0,0.0,73.4,42.0,1.9,"Overcast"
"50.0826,8.2493","10/03/2021 10:00:00",50.0826,8.2493,"50.0826,8.2493","50.0826,8.2493",277.9,6.1,20.5,83.0,,28.6,0.0,1010.7,0.0,0.0,74.2,39.7,2.3,"Overcast"
"50.0826,8.2493","10/03/2021 11:00:00",50.0826,8.2493,"50.0826,8.2493","50.0826,8.2493",274.3,6.3,19.1,74.5,,28.6,0.0,1011.0,0.0,0.0,75.1,37.4,2.8,"Partially cloudy"
"50.0826,8.2493","10/03/2021 12:00:00",50.0826,8.2493,"50.0826,8.2493","50.0826,8.2493",276.9,6.8,20.3,64.9,,28.6,0.13,1011.0,0.0,0.0,74.4,36.6,3.3,"Partially cloudy"
"50.0826,8.2493","10/03/2021 13:00:00",50.0826,8.2493,"50.0826,8.2493","50.0826,8.2493",279.4,7.3,21.5,55.3,,28.6,0.13,1011.0,0.0,0.0,73.8,35.8,3.8,"Partially cloudy"
"50.0826,8.2493","10/03/2021 14:00:00",50.0826,8.2493,"50.0826,8.2493","50.0826,8.2493",282.0,7.8,22.7,45.7,,28.6,0.13,1011.0,0.0,0.0,73.1,34.9,4.3,"Partially cloudy"
"50.0826,8.2493","10/03/2021 15:00:00",50.0826,8.2493,"50.0826,8.2493","50.0826,8.2493",286.5,7.9,20.0,57.9,,42.9,0.13,1010.7,0.0,0.0,71.5,32.9,4.8,"Partially cloudy"
"50.0826,8.2493","10/03/2021 16:00:00",50.0826,8.2493,"50.0826,8.2493","50.0826,8.2493",291.1,8.2,17.4,70.1,,42.9,0.13,1010.3,0.0,0.0,70.0,30.8,5.3,"Partially cloudy"
"50.0826,8.2493","10/03/2021 17:00:00",50.0826,8.2493,"50.0826,8.2493","50.0826,8.2493",295.6,8.4,14.8,82.3,,42.9,0.13,1010.0,0.0,0.0,68.4,28.8,5.9,"Overcast"
"50.0826,8.2493","10/03/2021 18:00:00",50.0826,8.2493,"50.0826,8.2493","50.0826,8.2493",278.1,6.8,11.4,63.6,,42.9,0.07,1010.7,0.0,0.0,74.3,20.8,4.6,"Partially cloudy"
"50.0826,8.2493","10/03/2021 19:00:00",50.0826,8.2493,"50.0826,8.2493","50.0826,8.2493",260.5,5.3,8.0,44.9,,42.9,0.07,1011.3,0.0,0.0,80.1,12.7,3.5,"Partially cloudy"
"50.0826,8.2493","10/03/2021 20:00:00",50.0826,8.2493,"50.0826,8.2493","50.0826,8.2493",243.0,3.8,4.7,26.2,,42.9,0.07,1012.0,0.0,0.0,86.0,4.7,,"Partially cloudy"
"50.0826,8.2493","10/03/2021 21:00:00",50.0826,8.2493,"50.0826,8.2493","50.0826,8.2493",239.0,3.3,4.9,42.0,,28.6,0.0,1012.0,0.0,0.0,87.8,4.8,2.1,"Partially cloudy"
"50.0826,8.2493","10/03/2021 22:00:00",50.0826,8.2493,"50.0826,8.2493","50.0826,8.2493",235.0,2.8,5.2,57.7,,28.6,0.0,1012.0,0.0,0.0,89.5,4.9,1.5,"Partially cloudy"
"50.0826,8.2493","10/03/2021 23:00:00",50.0826,8.2493,"50.0826,8.2493","50.0826,8.2493",231.0,2.3,5.4,73.5,,28.6,0.0,1012.0,0.0,0.0,91.3,5.0,0.8,"Partially cloudy"
"50.0826,8.2493","10/04/2021 00:00:00",50.0826,8.2493,"50.0826,8.2493","50.0826,8.2493",239.3,2.9,4.8,81.9,,28.6,0.0,1012.0,0.0,0.0,90.7,7.7,,"Overcast"
"50.0826,8.2493","10/04/2021 01:00:00",50.0826,8.2493,"50.0826,8.2493","50.0826,8.2493",247.5,3.4,4.2,90.2,,28.6,0.0,1012.0,0.0,0.0,90.2,10.3,,"Overcast"
"50.0826,8.2493","10/04/2021 02:00:00",50.0826,8.2493,"50.0826,8.2493","50.0826,8.2493",255.8,4.1,3.6,98.6,,28.6,0.0,1012.0,0.0,0.0,89.6,13.0,,"Overcast"
"50.0826,8.2493","10/04/2021 03:00:00",50.0826,8.2493,"50.0826,8.2493","50.0826,8.2493",243.7,4.2,3.0,99.1,,9.5,0.0,1012.0,0.0,0.0,89.8,10.0,,"Overcast"
"50.0826,8.2493","10/04/2021 04:00:00",50.0826,8.2493,"50.0826,8.2493","50.0826,8.2493",231.7,4.4,2.4,99.5,,9.5,0.0,1012.0,0.0,0.0,90.1,7.0,,"Overcast"
"50.0826,8.2493","10/04/2021 05:00:00",50.0826,8.2493,"50.0826,8.2493","50.0826,8.2493",219.6,4.6,1.8,100.0,,9.5,0.0,1012.0,0.0,0.0,90.3,4.0,,"Overcast"
"50.0826,8.2493","10/04/2021 06:00:00",50.0826,8.2493,"50.0826,8.2493","50.0826,8.2493",252.9,4.5,1.3,99.9,,9.5,0.0,1012.3,0.0,0.0,90.0,3.0,,"Overcast"
"50.0826,8.2493","10/04/2021 07:00:00",50.0826,8.2493,"50.0826,8.2493","50.0826,8.2493",286.1,4.4,0.8,99.9,,9.5,0.0,1012.7,0.0,0.0,89.7,2.0,,"Overcast"
"50.0826,8.2493","10/04/2021 08:00:00",50.0826,8.2493,"50.0826,8.2493","50.0826,8.2493",319.4,4.4,0.4,99.8,,9.5,0.0,1013.0,0.0,0.0,89.4,1.1,,"Overcast"
"50.0826,8.2493","10/04/2021 09:00:00",50.0826,8.2493,"50.0826,8.2493","50.0826,8.2493",225.8,5.1,1.7,99.7,,14.3,0.03,1013.0,0.0,0.0,84.0,2.3,,"Overcast"
"50.0826,8.2493","10/04/2021 10:00:00",50.0826,8.2493,"50.0826,8.2493","50.0826,8.2493",132.1,5.8,3.0,99.7,,14.3,0.03,1013.0,0.0,0.0,78.7,3.5,,"Overcast"
"50.0826,8.2493","10/04/2021 11:00:00",50.0826,8.2493,"50.0826,8.2493","50.0826,8.2493",38.5,6.5,4.3,99.6,,14.3,0.03,1013.0,0.0,0.0,73.3,4.7,,"Overcast"
"50.0826,8.2493","10/04/2021 12:00:00",50.0826,8.2493,"50.0826,8.2493","50.0826,8.2493",39.6,6.9,4.6,99.7,,14.3,0.0,1013.0,0.0,0.0,69.3,4.7,,"Overcast"
"50.0826,8.2493","10/04/2021 13:00:00",50.0826,8.2493,"50.0826,8.2493","50.0826,8.2493",40.8,7.4,4.8,99.9,,14.3,0.0,1013.0,0.0,0.0,65.2,4.7,,"Overcast"
"50.0826,8.2493","10/04/2021 14:00:00",50.0826,8.2493,"50.0826,8.2493","50.0826,8.2493",41.9,7.9,5.0,100.0,,14.3,0.0,1013.0,0.0,0.0,61.2,4.7,7.3,"Overcast"
"50.0826,8.2493","10/04/2021 15:00:00",50.0826,8.2493,"50.0826,8.2493","50.0826,8.2493",37.5,8.0,6.2,100.0,,42.9,0.0,1013.3,0.0,0.0,61.0,7.0,7.1,"Overcast"
"50.0826,8.2493","10/04/2021 16:00:00",50.0826,8.2493,"50.0826,8.2493","50.0826,8.2493",33.1,8.1,7.4,100.0,,42.9,0.0,1013.7,0.0,0.0,60.7,9.2,6.9,"Overcast"
"50.0826,8.2493","10/04/2021 17:00:00",50.0826,8.2493,"50.0826,8.2493","50.0826,8.2493",28.7,8.3,8.6,100.0,,42.9,0.0,1014.0,0.0,0.0,60.5,11.5,6.8,"Overcast"
"50.0826,8.2493","10/04/2021 18:00:00",50.0826,8.2493,"50.0826,8.2493","50.0826,8.2493",32.7,7.3,7.0,100.0,,42.9,0.0,1014.7,0.0,0.0,65.1,9.0,6.1,"Overcast"
"50.0826,8.2493","10/04/2021 19:00:00",50.0826,8.2493,"50.0826,8.2493","50.0826,8.2493",36.8,6.3,5.3,100.0,,42.9,0.0,1015.3,0.0,0.0,69.7,6.5,5.5,"Overcast"
"50.0826,8.2493","10/04/2021 20:00:00",50.0826,8.2493,"50.0826,8.2493","50.0826,8.2493",40.8,5.4,3.6,100.0,,42.9,0.0,1016.0,0.0,0.0,74.3,4.0,,"Overcast"
"50.0826,8.2493","10/04/2021 21:00:00",50.0826,8.2493,"50.0826,8.2493","50.0826,8.2493",,,,,,,0.0,,,,,,,""
"50.0826,8.2493","10/04/2021 22:00:00",50.0826,8.2493,"50.0826,8.2493","50.0826,8.2493",,,,,,,0.0,,,,,,,""
"50.0826,8.2493","10/04/2021 23:00:00",50.0826,8.2493,"50.0826,8.2493","50.0826,8.2493",,,,,,,0.0,,,,,,,""
"50.0826,8.2493","10/05/2021 00:00:00",50.0826,8.2493,"50.0826,8.2493","50.0826,8.2493",,,,,,,0.0,,,,,,,""
"50.0826,8.2493","10/05/2021 01:00:00",50.0826,8.2493,"50.0826,8.2493","50.0826,8.2493",,,,,,,0.0,,,,,,,""
"50.0826,8.2493","10/05/2021 02:00:00",50.0826,8.2493,"50.0826,8.2493","50.0826,8.2493",,,,,,,0.0,,,,,,,""
"50.0826,8.2493","10/05/2021 03:00:00",50.0826,8.2493,"50.0826,8.2493","50.0826,8.2493",,,,,,,0.0,,,,,,,""
"50.0826,8.2493","10/05/2021 04:00:00",50.0826,8.2493,"50.0826,8.2493","50.0826,8.2493",,,,,,,0.0,,,,,,,""
